$MeshFormat
4.1 0 8
$EndMeshFormat
$PhysicalNames
1
2 1 "Domain"
$EndPhysicalNames
$Entities
2 3 1 1
1 6.123031769111886e-17 -1.499660721822137e-32 0.8 0 
2 6.123031769111886e-17 -1.499660721822137e-32 -0.8 0 
1 -1.000000004440901e-07 -1.000000004440901e-07 0.9999998999999997 1.000000004810975e-07 1.000000004440901e-07 1.000000100000001 0 2 1 -1 
2 -1.00000000169409e-07 -1.000000002449213e-07 -0.8000001000000002 1.0000001 1e-07 0.8000001 0 2 2 -1 
3 -1.00000000163114e-07 -1.000000000890991e-07 -1.0000001 1.000000001307325e-07 1.000000002371289e-07 -0.9999998999999999 0 2 2 -2 
1 -2.000000099999999 -1.732050907568878 -0.8000001 1.0000001 1.732050907568877 0.8000001 1 1 4 -1 -2 3 2 
1 -2.000000099999999 -1.732050907568878 -0.8000001 1.0000001 1.732050907568877 0.8000001 0 1 1 
$EndEntities
$Nodes
4 1399 1 1399
0 1 0 1
1
6.123031769111886e-17 -1.499660721822137e-32 0.8
0 2 0 1
2
6.123031769111886e-17 -1.499660721822137e-32 -0.8
1 2 0 28
3
4
5
6
7
8
9
10
11
12
13
14
15
16
17
18
19
20
21
22
23
24
25
26
27
28
29
30
0.09769890217988166 -2.392853927419079e-17 -0.7961728152155294
0.1947938491714335 -4.770915707617106e-17 -0.7846753647515546
0.2906595267771578 -7.118870065806256e-17 -0.765461236951914
0.3846270092792561 -9.42033358830151e-17 -0.7384576635048572
0.4759599714838548 -1.165727210488492e-16 -0.703573555180165
0.5638290188507818 -1.380937197908209e-16 -0.6607132328031047
0.6472847089764667 -1.585337934689299e-16 -0.6097986581947853
0.7252315818519764 -1.776246406257167e-16 -0.5508040102596089
0.7964086479268511 -1.950574180980621e-16 -0.4838070792420134
0.859386557610346 -2.10482047767834e-16 -0.4090611647946176
0.9125981609819734 -2.235147012850283e-16 -0.3270861382056489
0.9544223527407889 -2.337583354792945e-16 -0.2387674652392823
0.9833375527370714 -2.408402830067929e-16 -0.1454312370892961
0.9981337989429462 -2.444641984300798e-16 -0.04885190294084994
0.998133798942946 -2.444641984300797e-16 0.04885190294085343
0.9833375527370706 -2.408402830067927e-16 0.1454312370892998
0.9544223527407881 -2.337583354792943e-16 0.238767465239284
0.9125981609819729 -2.235147012850281e-16 0.3270861382056498
0.8593865576103458 -2.10482047767834e-16 0.4090611647946177
0.7964086479268504 -1.950574180980619e-16 0.4838070792420143
0.7252315818519774 -1.77624640625717e-16 0.5508040102596079
0.647284708976465 -1.585337934689294e-16 0.6097986581947864
0.5638290188507767 -1.380937197908197e-16 0.6607132328031072
0.4759599714838519 -1.165727210488485e-16 0.703573555180166
0.3846270092792541 -9.420333588301462e-17 0.7384576635048578
0.2906595267771542 -7.118870065806168e-17 0.7654612369519149
0.1947938491714314 -4.770915707617054e-17 0.7846753647515549
0.09769890217988041 -2.392853927419049e-17 0.7961728152155296
2 1 0 1369
31
32
33
34
35
36
37
38
39
40
41
42
43
44
45
46
47
48
49
50
51
52
53
54
55
56
57
58
59
60
61
62
63
64
65
66
67
68
69
70
71
72
73
74
75
76
77
78
79
80
81
82
83
84
85
86
87
88
89
90
91
92
93
94
95
96
97
98
99
100
101
102
103
104
105
106
107
108
109
110
111
112
113
114
115
116
117
118
119
120
121
122
123
124
125
126
127
128
129
130
131
132
133
134
135
136
137
138
139
140
141
142
143
144
145
146
147
148
149
150
151
152
153
154
155
156
157
158
159
160
161
162
163
164
165
166
167
168
169
170
171
172
173
174
175
176
177
178
179
180
181
182
183
184
185
186
187
188
189
190
191
192
193
194
195
196
197
198
199
200
201
202
203
204
205
206
207
208
209
210
211
212
213
214
215
216
217
218
219
220
221
222
223
224
225
226
227
228
229
230
231
232
233
234
235
236
237
238
239
240
241
242
243
244
245
246
247
248
249
250
251
252
253
254
255
256
257
258
259
260
261
262
263
264
265
266
267
268
269
270
271
272
273
274
275
276
277
278
279
280
281
282
283
284
285
286
287
288
289
290
291
292
293
294
295
296
297
298
299
300
301
302
303
304
305
306
307
308
309
310
311
312
313
314
315
316
317
318
319
320
321
322
323
324
325
326
327
328
329
330
331
332
333
334
335
336
337
338
339
340
341
342
343
344
345
346
347
348
349
350
351
352
353
354
355
356
357
358
359
360
361
362
363
364
365
366
367
368
369
370
371
372
373
374
375
376
377
378
379
380
381
382
383
384
385
386
387
388
389
390
391
392
393
394
395
396
397
398
399
400
401
402
403
404
405
406
407
408
409
410
411
412
413
414
415
416
417
418
419
420
421
422
423
424
425
426
427
428
429
430
431
432
433
434
435
436
437
438
439
440
441
442
443
444
445
446
447
448
449
450
451
452
453
454
455
456
457
458
459
460
461
462
463
464
465
466
467
468
469
470
471
472
473
474
475
476
477
478
479
480
481
482
483
484
485
486
487
488
489
490
491
492
493
494
495
496
497
498
499
500
501
502
503
504
505
506
507
508
509
510
511
512
513
514
515
516
517
518
519
520
521
522
523
524
525
526
527
528
529
530
531
532
533
534
535
536
537
538
539
540
541
542
543
544
545
546
547
548
549
550
551
552
553
554
555
556
557
558
559
560
561
562
563
564
565
566
567
568
569
570
571
572
573
574
575
576
577
578
579
580
581
582
583
584
585
586
587
588
589
590
591
592
593
594
595
596
597
598
599
600
601
602
603
604
605
606
607
608
609
610
611
612
613
614
615
616
617
618
619
620
621
622
623
624
625
626
627
628
629
630
631
632
633
634
635
636
637
638
639
640
641
642
643
644
645
646
647
648
649
650
651
652
653
654
655
656
657
658
659
660
661
662
663
664
665
666
667
668
669
670
671
672
673
674
675
676
677
678
679
680
681
682
683
684
685
686
687
688
689
690
691
692
693
694
695
696
697
698
699
700
701
702
703
704
705
706
707
708
709
710
711
712
713
714
715
716
717
718
719
720
721
722
723
724
725
726
727
728
729
730
731
732
733
734
735
736
737
738
739
740
741
742
743
744
745
746
747
748
749
750
751
752
753
754
755
756
757
758
759
760
761
762
763
764
765
766
767
768
769
770
771
772
773
774
775
776
777
778
779
780
781
782
783
784
785
786
787
788
789
790
791
792
793
794
795
796
797
798
799
800
801
802
803
804
805
806
807
808
809
810
811
812
813
814
815
816
817
818
819
820
821
822
823
824
825
826
827
828
829
830
831
832
833
834
835
836
837
838
839
840
841
842
843
844
845
846
847
848
849
850
851
852
853
854
855
856
857
858
859
860
861
862
863
864
865
866
867
868
869
870
871
872
873
874
875
876
877
878
879
880
881
882
883
884
885
886
887
888
889
890
891
892
893
894
895
896
897
898
899
900
901
902
903
904
905
906
907
908
909
910
911
912
913
914
915
916
917
918
919
920
921
922
923
924
925
926
927
928
929
930
931
932
933
934
935
936
937
938
939
940
941
942
943
944
945
946
947
948
949
950
951
952
953
954
955
956
957
958
959
960
961
962
963
964
965
966
967
968
969
970
971
972
973
974
975
976
977
978
979
980
981
982
983
984
985
986
987
988
989
990
991
992
993
994
995
996
997
998
999
1000
1001
1002
1003
1004
1005
1006
1007
1008
1009
1010
1011
1012
1013
1014
1015
1016
1017
1018
1019
1020
1021
1022
1023
1024
1025
1026
1027
1028
1029
1030
1031
1032
1033
1034
1035
1036
1037
1038
1039
1040
1041
1042
1043
1044
1045
1046
1047
1048
1049
1050
1051
1052
1053
1054
1055
1056
1057
1058
1059
1060
1061
1062
1063
1064
1065
1066
1067
1068
1069
1070
1071
1072
1073
1074
1075
1076
1077
1078
1079
1080
1081
1082
1083
1084
1085
1086
1087
1088
1089
1090
1091
1092
1093
1094
1095
1096
1097
1098
1099
1100
1101
1102
1103
1104
1105
1106
1107
1108
1109
1110
1111
1112
1113
1114
1115
1116
1117
1118
1119
1120
1121
1122
1123
1124
1125
1126
1127
1128
1129
1130
1131
1132
1133
1134
1135
1136
1137
1138
1139
1140
1141
1142
1143
1144
1145
1146
1147
1148
1149
1150
1151
1152
1153
1154
1155
1156
1157
1158
1159
1160
1161
1162
1163
1164
1165
1166
1167
1168
1169
1170
1171
1172
1173
1174
1175
1176
1177
1178
1179
1180
1181
1182
1183
1184
1185
1186
1187
1188
1189
1190
1191
1192
1193
1194
1195
1196
1197
1198
1199
1200
1201
1202
1203
1204
1205
1206
1207
1208
1209
1210
1211
1212
1213
1214
1215
1216
1217
1218
1219
1220
1221
1222
1223
1224
1225
1226
1227
1228
1229
1230
1231
1232
1233
1234
1235
1236
1237
1238
1239
1240
1241
1242
1243
1244
1245
1246
1247
1248
1249
1250
1251
1252
1253
1254
1255
1256
1257
1258
1259
1260
1261
1262
1263
1264
1265
1266
1267
1268
1269
1270
1271
1272
1273
1274
1275
1276
1277
1278
1279
1280
1281
1282
1283
1284
1285
1286
1287
1288
1289
1290
1291
1292
1293
1294
1295
1296
1297
1298
1299
1300
1301
1302
1303
1304
1305
1306
1307
1308
1309
1310
1311
1312
1313
1314
1315
1316
1317
1318
1319
1320
1321
1322
1323
1324
1325
1326
1327
1328
1329
1330
1331
1332
1333
1334
1335
1336
1337
1338
1339
1340
1341
1342
1343
1344
1345
1346
1347
1348
1349
1350
1351
1352
1353
1354
1355
1356
1357
1358
1359
1360
1361
1362
1363
1364
1365
1366
1367
1368
1369
1370
1371
1372
1373
1374
1375
1376
1377
1378
1379
1380
1381
1382
1383
1384
1385
1386
1387
1388
1389
1390
1391
1392
1393
1394
1395
1396
1397
1398
1399
0.996752200618514 -0.08052101317120373 -0.0009523024836900108
0.6002266798025322 0.08573518460921736 0.6361772889870254
0.5996181422625411 -0.08989256085111402 -0.6361772889870233
0.177054115020627 0.101571132881662 0.7831567486808851
0.1460211883108924 -0.08465204948246605 -0.7885224027083333
0.884471476632177 0.0846139692257659 0.3670864166255858
0.8844714766321667 -0.08461396922578614 -0.3670864166255978
0.989028841446763 0.0845973830914763 -0.0968800778217607
0.6935418247314143 0.09571694310722838 -0.5712235312522355
0.1643838548934311 0.08388267760339185 -0.7862586422895553
0.4380648849014668 0.08624290940737238 -0.7158374417447433
0.4403623023445085 0.08782060109607075 0.7148117893586112
0.434099170644444 -0.08037497010121181 -0.7178179264307227
0.8892083665282003 0.08531821311102526 -0.3595813418143196
0.9323655186539465 -0.08246288901789284 0.2815891038346248
0.5190586416149461 -0.08464358197444929 0.6804297891634702
0.04877449003643837 -0.08465273889433232 0.796172830651988
0.3371313806404844 -0.07789903419277174 0.7505834200819622
0.7595399327653283 -0.08462851761441484 0.5159454883089739
0.7611884808915947 0.08513566548048354 0.51433468637992
0.7607180714242308 -0.08499080202788631 -0.5147952319152961
0.9672090848598488 0.0846007039848289 0.1915817228023089
0.9671994692186895 -0.0846305701097799 -0.1916043479188989
0.6851199324418181 -0.08463457013131591 -0.5787974665927175
0.6413283834853932 -0.1908155282226129 -0.5945282977151617
0.5510762226111664 -0.1747033222376507 -0.6527694826551798
0.7169965872400273 -0.1688786226975219 -0.5410484072580222
0.7879593264493896 -0.1681241849933942 -0.473863682191733
0.7427870640666446 -0.2518463671956114 -0.496284295805138
0.565981878127971 -0.2668930133735196 -0.6240167346695179
0.4823794200707018 -0.2469771587027098 -0.672339142122255
0.8099008347989947 -0.250362618457554 -0.4243615040568831
0.642155964915155 -0.2928259173883095 -0.5667528272985777
0.7639296672093285 -0.3323674121099124 -0.4424971805920063
0.8237021648052479 -0.3291018534598752 -0.369394500224936
0.7728871889457724 -0.410726495489469 -0.3869463128168067
0.4985355525431734 -0.3374463625776957 -0.638794993209461
0.829694523993271 -0.4046270075047519 -0.3076454912039671
0.775904171168976 -0.4848717231489624 -0.3228593543975607
0.8268905069070251 -0.4754162136189622 -0.2403084862957637
0.4154964948294979 -0.3184774508840665 -0.6816144487026258
0.4271030870239116 -0.4040301007676881 -0.6471315814161057
0.340859836648487 -0.3816232861186699 -0.6873383978225361
0.715249196714096 -0.4886211460152208 -0.3997342815554247
0.8763471221776402 -0.3931894729947739 -0.2225923769074724
0.8671109033849334 -0.4601967494165479 -0.1524994595293396
0.9116836059510838 -0.3757087184519312 -0.1330887499840271
0.8948756599340907 -0.4397289079494426 -0.06111518709382942
0.5098611953744643 -0.4253082477868492 -0.5982130487728545
0.4336380396804692 -0.4950306345648064 -0.602343541250377
0.7152755371643645 -0.5606933939076711 -0.333710124713076
0.8469617391711181 -0.522146441344342 -0.08007558897611237
0.8671966582866222 -0.4977215100669659 0.01247728876123297
0.8154742184433534 -0.5787422391346912 -0.006156346738248833
0.8290209088405288 -0.5485006258902265 0.08716474921711002
0.7736042247905898 -0.6280195982003602 0.06754145470702685
0.7805729012965148 -0.5924115583688626 0.1595082267922581
0.7219230191960887 -0.6696000139847055 0.1396291674434476
0.7230491244406146 -0.6282573249431674 0.2297723357425469
0.6615752763205397 -0.7033429785258908 0.2080412394806055
0.6566395318579844 -0.6571788269730878 0.2960437963054552
0.5930332663842306 -0.7294950802514173 0.2726444986138574
0.5946828975404035 -0.7704036367654159 0.1838790695326818
0.5239264948810435 -0.7937607985687315 0.2471531639995803
0.5221517759384517 -0.830101014725605 0.1565422948309442
0.5181465046733184 -0.7472217112088303 0.3329229715046719
0.7790331773131896 -0.5451201043812609 0.2478081586320248
0.756876235255403 -0.6528720883187855 -0.02395196259015155
0.8781477328996962 -0.4607926928692497 0.1028448257177475
0.6513749382680215 -0.5621807472600311 -0.4076575011111037
0.6486366741243363 -0.6319808688656087 -0.3392892772782911
0.5811735039293245 -0.6306101620072004 -0.4114895337896317
0.576533235666991 -0.697976938394287 -0.3398235981362913
0.5072938253561979 -0.6940079341730948 -0.4087099408120284
0.4995955186055012 -0.7581077091652603 -0.3353107397919734
0.428300618236312 -0.7511774140144252 -0.4018286783935608
0.4184738114265041 -0.8118135014511993 -0.325786195421935
0.3455086030708958 -0.8018032472145005 -0.390064903694987
0.3338412994786594 -0.8585487985492162 -0.3113263982609599
0.4041590057750534 -0.8626730457334644 -0.243245672311257
0.3175736592658409 -0.9048650423914404 -0.2267915003676314
0.4496038765042589 -0.8504376722580302 0.2185217533690379
0.4431322695342902 -0.8832290184385788 0.1227427689058079
0.3706821058094052 -0.8988244034609445 0.1871204415142825
0.3705834061230444 -0.8614993611255471 0.2776896568606232
0.2826981612310812 -0.9133117240871895 0.2345288987313256
0.282937522615334 -0.8654021517157734 0.330841810273859
0.195088038167223 -0.9038391084397869 0.3046472303961651
0.2037080154130973 -0.8511477334700396 0.3870301943902748
0.1820003936690348 -0.9456093420847302 0.215701762798767
0.1055598075546757 -0.9316049541269719 0.2782451712861617
0.0883052502297305 -0.9675279105571688 0.1894698710820169
0.01654572368478968 -0.9493407495894518 0.2510501211429256
0.2460343669385077 -0.8974048735110836 -0.2929918314588023
-0.00380613562684092 -0.97933538502068 0.161765691250992
-0.0764365733535044 -0.9572505091077276 0.2231826703910079
-0.09667596761056657 -0.9814756679081175 0.1323251041116544
-0.0525531124093938 -0.919112700675245 0.3123792708447017
-0.1490895145599034 -0.9236231958190259 0.2824946116791232
-0.1282245065352116 -0.8800248005403817 0.3658325967828784
-0.02474733158020817 -0.9960749038188353 0.06798755444677036
-0.1182249318205295 -0.9918435389064233 0.03810939895081818
-0.04634285409321436 -0.9983530428463926 -0.02705303489185877
-0.1389638556979395 -0.9877063972925521 -0.0572719522666647
-0.2107711065053719 -0.9774807905308333 0.008269260889555171
-0.2292143097653701 -0.9672700916057307 -0.08708384955689831
-0.156215665043045 -0.9694058331633786 -0.1514706500921671
-0.2460442708979591 -0.9426902205960682 -0.1803061658416862
-0.1711252857919503 -0.9373085965265803 -0.242874428710799
-0.2594824151592486 -0.9050735359588467 -0.269530876278113
-0.3332010029569651 -0.9071992063125548 -0.2054718537522349
-0.3452101816644773 -0.8642369813287624 -0.2927654302859428
-0.4180139673792609 -0.862958039560097 -0.2270756632095214
-0.4287430204151324 -0.8157907325625761 -0.3105246173664943
-0.4986506917851884 -0.8107337165019983 -0.245351442314421
-0.5063133841631184 -0.759223625309024 -0.3271464443113278
-0.5749852853177629 -0.7512591120443127 -0.2592316872463754
-0.5795227449822558 -0.6957086864653789 -0.3395458723646967
-0.6464002497366126 -0.6852737846315988 -0.2684075197004799
-0.647881775761417 -0.6262191928706601 -0.3469628011108073
-0.7124228678339057 -0.6130357978811843 -0.2732216892163499
-0.7104114731409924 -0.551141609206802 -0.3501391407363253
-0.7716648999787533 -0.5354373519104551 -0.2746227950566673
-0.7665890360670763 -0.4711447552372194 -0.3490456652249038
-0.7675503188783687 -0.5926038859962905 -0.1954476171938621
-0.8231718008197696 -0.5123968947711318 -0.1956938156431763
-0.8126504822312721 -0.5650123835551586 -0.1141513385883124
-0.5809881040531891 -0.6318515556735532 -0.4104369843308694
-0.2616196536729869 -0.858704014202371 -0.3525292138178716
-0.2208400062170451 -0.8797049847951808 0.3369024370401054
-0.1946572007562375 -0.8311743485099502 0.416659305676227
-0.2873977681017056 -0.8262860390435431 0.3875287072282645
-0.2585666361931421 -0.7725421362792372 0.4639461639946604
-0.3516264393941274 -0.7659345150422235 0.4305926452031746
-0.3199656483506464 -0.7077752760861428 0.5038578481670305
-0.4107436754045621 -0.6985284677968402 0.4687669700258673
-0.3783480548891182 -0.6368887136056834 0.5373865742086639
-0.4683353230156407 -0.6256105688639912 0.499134252940595
-0.4341881538384925 -0.5611222979832095 0.5637715360093243
-0.5213071229376797 -0.5472319572090398 0.5238479587566469
-0.4847853109505729 -0.4801318096095776 0.5848523356541007
-0.2244965001866896 -0.7163902410022325 0.5284763572388479
-0.5636154720219734 -0.797025165559101 -0.1735990509889924
-0.4996196298735722 -0.6803140450630942 0.4289917672197525
-0.3947026588264238 -0.491193434966032 0.6211930820279942
-0.4443151138032911 -0.4086069632020309 0.6378084624180058
-0.3542527316745304 -0.4185492793027418 0.6690035589244835
-0.4023268537505741 -0.3344296629332514 0.6817811511863394
-0.3146840069735405 -0.8684860965251389 0.3064176244514448
-0.3089795204087796 -0.3427443636905108 0.7097302956481867
-0.2580050087443896 -0.4241757579125239 0.6944388661298933
-0.3540501130480545 -0.2559202573109475 0.7196236079945388
-0.1001237935132384 -0.8264510941602013 0.4432273023604383
-0.7008243324896118 -0.4835323293388691 -0.4195553772075331
-0.7535911207729322 -0.4014854430982226 -0.4163920165785465
-0.6828471026833717 -0.4110000421363516 -0.4831886089523829
-0.7331581422006959 -0.3274199363777223 -0.476839812960106
-0.6583392984529484 -0.3348096350186962 -0.5393281013475206
-0.7060706371620982 -0.2499997123236876 -0.5300351077734121
-0.7778356594886147 -0.2413863446024861 -0.4642098280509706
-0.7480771650499539 -0.1630814775125351 -0.5146089695747809
-0.8164089608454778 -0.153559901785942 -0.4453462582501478
-0.7838969712244868 -0.07469812407383389 -0.4931049243412127
-0.84933234435988 -0.06513871338216302 -0.4190591494998797
-0.8135162849355432 0.01442946750888364 -0.4650904735121248
-0.872519617387183 0.05254254585205418 -0.3885964884246145
-0.82315763095646 0.106501065958093 -0.4461885072821579
-0.9020999513374266 0.1295579047889121 -0.3292954195648348
-0.85156321724124 0.1762194926703426 -0.3949981488116668
-0.4461849607082311 -0.2473028600823775 0.6880745430467815
-0.7733196968565874 0.09172955676721799 -0.5018763735384563
-0.8645798151446031 -0.4824721805156169 -0.1123489941865942
-0.3983328623338317 -0.1687719574316966 0.7212642044275804
-0.6276909522270434 -0.2558629799436037 -0.5881704264509391
-0.5709867410246564 -0.4648661375041661 0.5413308730311248
-0.5774292024713218 -0.3395131985706019 -0.5940000291607762
-0.5439336694561986 -0.259158773843111 -0.6384846526190838
-0.4916102182945716 -0.3417102566162229 -0.6407762761109754
-0.4587632109057869 -0.2622521733841237 -0.6791807365347006
-0.4038323420382882 -0.342715027512111 -0.6785706622323104
-0.8467256260345515 -0.5307717193052773 -0.02925306085446096
-0.8946104052237219 -0.4455755886142195 -0.02694726935675497
-0.8693693103576043 -0.4893728113741602 0.05491085835697904
-0.9126531802758617 -0.4020885562387311 0.05872765876053516
-0.3644845547759448 -0.2587241020886456 -0.7156369351354439
-0.4170813565593753 -0.1763457121458 -0.7132776544682753
-0.3092449509294383 -0.3392391461333926 -0.7107334181783034
-0.9033961919813154 -0.04939030901364706 -0.3407623619490346
-0.3469899135424661 -0.4219280291483396 -0.6700804671052762
-0.2517098544534007 -0.4173383522278161 -0.6985566142523629
-0.8176735859439211 -0.5728585050927653 0.04555815618738748
-0.8786792507735804 -0.4453155397009189 0.1376763610462935
-0.9185673248387081 -0.3530007391236166 0.1422663370821691
-0.9475748165415859 -0.3107807618877809 0.05942274364116178
-0.9490660864351758 -0.2596289715221834 0.1428092114114835
-0.4890584250511317 -0.1594607767998279 0.6860409865534984
-0.4397464439662414 -0.08038930087125308 0.7156135830234535
-0.5288664760288163 -0.0706642784351364 0.6766065020254431
-0.4779872240924375 0.008651887118934339 0.7026593409400886
-0.5680960968307089 0.01791548081605761 0.6582137575288288
-0.5167993198803882 0.08079196630428845 0.6818286570225596
-0.6151976017226461 -0.06099670760527344 0.6288077925705544
-0.6481215915033469 0.02850954915771653 0.6088024221943891
-0.4396481058248192 0.09671871795050403 0.7143579081184038
-0.4387601780604156 0.2000923694370673 0.7008349533938284
-0.9735231069786869 -0.2165298431964203 0.0586110552514988
-0.970462822474737 -0.164221468987572 0.1413833807895244
-0.909912805567904 -0.3057009318943312 0.2242935597862531
-0.3546191198871702 0.1610351963775008 0.7368312459555374
-0.3610301140589169 0.2576084520872431 0.717013870841928
-0.4440081676499495 0.2941990710881779 0.6770777934062172
-0.3641261284548966 0.3507745663154807 0.6902147451117558
-0.283074342243982 0.3166548956413167 0.7242534777623749
-0.2857191691616468 0.4089408334643961 0.6933429517225764
-0.3663114985188449 0.4419893770593168 0.6550535985982682
-0.2852141862746886 0.4965921429913414 0.6558288125256757
-0.2140522386525904 0.4751975236107715 0.6827562740220577
-0.2023045338926248 0.547988244971507 0.6493229748910034
-0.285306840079292 0.5835774959079151 0.608230121331756
-0.2006703260536947 0.6317759291212807 0.5989807853342591
-0.2817355422636094 0.663492955459028 0.5544884098520648
-0.2007009839570088 0.7120510571007668 0.5382653068488032
-0.2769453048025955 0.7393206372124493 0.4910112298770041
-0.1967476700991375 0.787955260668597 0.4667620286151782
-0.276639763223642 0.8091646193786145 0.4147080400663031
-0.2040691604551824 0.8554356203662894 0.3808081319801104
-0.1194710699121233 0.8393178586882681 0.4242808093070383
-0.1266924727425062 0.8958304893993528 0.3407631450615798
-0.03988915340415828 0.8779549533984412 0.3816628503745913
-0.04700234820140171 0.9276389063830226 0.2964071131433272
-0.1344709984659525 0.9384969761181989 0.2544213530517483
-0.05338772402695136 0.9643985506658512 0.2072064653768551
0.03419755079786966 0.950170800678738 0.2478786503845175
-0.1400369889273013 0.9691644629888937 0.1622045827448771
0.02813939222330388 0.980468618994913 0.1557217246686123
0.1154963753982698 0.9626769454843102 0.1958181783640904
0.1090221636214515 0.985972803029564 0.1011036680650403
-0.3548913948693989 0.7611296417658704 0.4343151049810801
0.196203722121889 0.964732633830673 0.1403881354477476
0.1883346813615077 0.980548031085332 0.0442220327430615
0.2746705872767046 0.9559306148483028 0.08295628952479873
0.2651411341783466 0.9640519225200972 -0.01395007445253224
0.1772824675511539 0.981936535172902 -0.05289426489356209
0.2523056321506779 0.9577122486671013 -0.1106464401250786
0.1630020460032933 0.9689527899021014 -0.1487243333197073
0.2806818184982889 0.9336591019814363 0.177985883578152
0.3583375125175642 0.9215062231587106 0.1197878332452649
0.3613185416557369 0.8942675440458386 0.2112582815372617
0.2364489288423747 0.9372721540182564 -0.2049199857134821
0.1458035737578008 0.9422603778673164 -0.2411793665214939
0.3249370906110499 0.9227622292754964 -0.1657482531894522
0.3070765320804313 0.8953986261550744 -0.2579492089230733
-0.1143788034655158 0.6075097296509123 0.6288271839911618
0.4384378411853513 0.8779552169378809 0.1538142182624976
0.4400824071718711 0.8436950735888034 0.2459347525826083
0.3946628543067122 0.8776627979852369 -0.2175488829124397
0.3739011450371988 0.8440578329710137 -0.3075209868247931
0.514880137264582 0.8252081463361384 0.1857825989197122
0.5161903064629801 0.7850511045462514 0.2739253396259529
0.4599450530488385 0.8233388988019763 -0.2660088490503429
0.4367286008878201 0.7847222766707431 -0.3518900534321504
0.3482264917229511 0.7999799323681227 -0.390913120390191
0.408707827669263 0.7353704312324695 -0.4324355141536596
0.3180671786903596 0.7468292199854885 -0.4672160175444819
0.5863088661117029 0.7646928698477546 0.2138960170891482
0.5212517883286037 0.7607534938268944 -0.3093742792612525
0.3765601531836694 0.6781565572105932 -0.5048919947531378
0.2841620996254265 0.6860169483677274 -0.5358403629074316
0.4660073851888985 0.6646379888299253 -0.4672256573458389
0.5816050251256247 0.7210709794733051 0.3012424802022763
0.5091370379412591 0.7355756405483566 0.3575095667560472
0.6523734523934117 0.696909856520349 0.2382946485302092
0.4315887625733713 0.6036834086170948 -0.5362372502873446
0.6442372561722537 0.6493417487473456 0.3232966697938072
0.5193766208416699 0.587676444208396 -0.4963123678624434
0.7125621298173559 0.6226448990442867 0.2586964749283251
0.7143308243114305 0.6712117942505372 0.1584044457911998
0.7732482423041512 0.589189736623163 0.1875187201858515
0.7738104221006892 0.6219396315965313 0.09602841345493147
0.8245420126646438 0.5464438968177106 0.117383574950811
0.8151258626112886 0.5783934917984705 0.02568481882980743
0.7008285023052558 0.5717025455827772 0.3412875477184544
-0.9902472123636329 -0.1202374240279437 0.05630443119572475
-0.9826880415992084 -0.06737929777077889 0.1380648963462117
0.07181060100912864 0.9705652261536877 -0.1839067230770188
0.05392446718980843 0.937844916245846 -0.2742717658499961
-0.0157678056856157 0.9626609134034418 -0.2162004138521278
-0.03735249911153494 0.9248187299834435 -0.3028558548029693
-0.1132441048780306 0.9510920294343783 -0.2299213420375152
-0.129953711756974 0.9019938853504593 -0.3293815427406629
-0.2036197760931852 0.9200826555292455 -0.267715543101121
-0.2140108394755315 0.8736027286208019 -0.3496445126200205
-0.2915675860130198 0.8869541921880615 -0.2865525892359042
-0.3026694074458464 0.8353901236396574 -0.3670549352861051
-0.3793540138898114 0.8448183583555721 -0.301858216816926
-0.393730602495698 0.7871336787504898 -0.3798077698500399
-0.463993335945932 0.794921574614838 -0.3127272287827916
-0.3197506654327875 0.7698916677807696 -0.4418335120559579
-0.4034690122978494 0.7203233862434534 -0.4513779616037363
-0.329731203913403 0.7025340037622843 -0.5045224636258266
-0.4093933392626921 0.6464091459001861 -0.5150858941117663
-0.3338353788219035 0.6252286561699469 -0.5643505675592835
-0.4472784682783303 0.8463728223356679 -0.2313024235773025
-0.5292033277451332 0.7937340193690722 -0.2399068411192237
-0.4118543009715814 0.566333305500708 -0.5711140674026383
-0.333643582393142 0.5412765632978602 -0.6174536831613286
-0.5086343125317507 0.8387824881582503 -0.1554041413592996
-0.5883321602409304 0.7825732078515176 -0.1628632674690768
-0.6061430155724415 0.733700673123906 -0.2456325280482523
-0.6627589424859667 0.7191156095599665 -0.1670895793128093
-0.6396019430988937 0.7617975011702598 -0.08226366038972195
-0.7109399198314339 0.6950469213486872 -0.08569418188432139
-0.6824818844986521 0.7309024543108078 0.0002257270637445387
-0.750146779695807 0.6612623553386624 -0.00276044332376884
-0.7153368731654849 0.690867549146961 0.08388635140664392
-0.7797410115939242 0.6180707922951156 0.07996979649911373
-0.7379299051810918 0.6426428462892296 0.1648652825119037
-0.7991872029418603 0.5665765060831082 0.1605807010244966
-0.5192792530964482 0.2365276515264767 0.6569767008919397
-0.837108042625201 0.5389572436658956 0.07494089178979332
-0.8528595422848431 0.4850917345574355 0.1545400612351296
-0.751042549452977 0.5859580052759285 0.2434266114809672
-0.4111152619007897 0.4812942414431671 -0.6193364679517673
-0.3293539633953112 0.4510660814063889 -0.663597640502368
-0.2590590612363212 0.4981586954557879 -0.6619855306856879
-0.4091678549221668 0.3935306162105293 -0.6585877353748296
-0.3269353251748023 0.3625591258997021 -0.6981869885374561
-0.8863909917266465 0.4551284158586468 0.06773659507876391
-0.2384901561021847 0.7477931873357258 -0.4956952576196834
-0.4896867214916237 0.5072979746656615 -0.567298541338454
-0.5222468724444649 0.328482106605743 0.6295942616571167
-0.5975381471287396 0.271103016925605 0.6036959854442168
-0.6776446747547078 0.6667899137933315 -0.2481146904349745
-0.3242382480637263 -0.1742061349263072 -0.7438373073931058
-0.8984208104632124 0.3989423557085827 0.1468278865029364
-0.9274098486763001 0.366652105897529 0.05920651758235859
-0.4009928177564683 0.300400811570376 -0.6923417017701418
-0.3183336781305756 0.2693076138111964 -0.7271366654537196
-0.6440315878330827 0.7574140875985199 0.08596637028233707
-0.6941187132654242 -0.05063162471547374 0.5744621974534013
-0.7254058129940758 0.03864644948173535 0.5497885315162456
-0.8575314939179967 0.4251911518582508 0.2316579842028811
-0.9074341342008089 0.4193899660834015 -0.02078997351865042
-0.286826485089994 -0.4974816659192542 -0.6549467444732272
-0.1922230826673451 -0.4924382270661754 -0.6790840320378787
-0.05525604143058355 0.8741693546859048 -0.385973851311987
-0.6047010371345161 -0.529366597724511 0.4760555671109104
0.4828634881362743 0.5242618901336822 -0.5611373150327204
0.5696203497948228 0.5075729106952785 -0.5171629669203759
-0.8993188455006026 0.3372690942142181 0.2226748980416199
0.8251973749102708 0.5038254971298216 0.2042886755676272
-0.1562739261794542 -0.4105908599547595 -0.7186625826210548
-0.09622976680342775 -0.4842469349695488 -0.6956986648616452
-0.1316317808307156 -0.5642372603411304 -0.6520414162640015
-0.03526951153147708 -0.5543420002197066 -0.665233075953983
-0.07033152564055463 -0.6320500202219612 -0.6173835104703023
0.02530588864458273 -0.6231117919288882 -0.6253786343694593
-0.008549792792279362 -0.6966102573384494 -0.5739190467870916
0.8654993355752366 0.497888167954427 0.04395104425468665
0.8487796096172877 0.5253774406005154 -0.04767704155906639
0.5914922115871565 0.7929229318800266 0.1170577641488651
-0.9975974768160116 -0.02275520730547657 0.05234638350564064
-0.2202522692902655 0.9402377414191577 0.2077566691816005
-0.5981832332078421 0.3616621314221966 0.5720852088724774
-0.2211500658186217 0.9647658621333517 0.1140371298144879
-0.6522988764008761 -0.445241234023491 0.4907244729964992
-0.7688041921436808 -0.04025802013517817 0.5105726391146933
-0.6665883202524503 0.2983855476497833 0.5464802730239434
-0.4828271350409249 0.3311292359921078 -0.6485584688470668
-0.4767735241605545 0.2396109299141605 -0.6765907993108726
-0.5872728646126797 -0.1705355845875513 -0.6329755492928296
-0.9635466775955246 -0.2657836328184234 -0.02448654318394461
-0.2383923422953512 0.3260895789825002 -0.7318293473706348
-0.2295879944122389 0.2318242890127459 -0.7562208574094743
-0.1502012156832296 0.2830199002926995 -0.7578239714743641
-0.3804009899434769 -0.4999844380661633 -0.6224137008989107
-0.3193778102852096 -0.5738410158925848 -0.6032998871018841
0.7613413311343178 0.6483430349964722 0.002615214339339804
-0.6590224979129694 -0.1386255784334264 0.5913901162507457
-0.3645499371478733 0.6120112305620893 0.5614527425121992
0.3928565550399309 0.5375341191085219 -0.5969098011358878
0.4422552523201879 0.4558332297712526 -0.6179327385696357
0.3524227720710096 0.4687279540884445 -0.6479961949428266
-0.7958757886458259 0.04881543318419347 0.4827910736741841
-0.8415094391787951 -0.2307087231824387 -0.3908025374087685
-0.1048402907468867 -0.7052345044019821 -0.5609436661837616
-0.04329019234788863 -0.7640403646003757 -0.5149715521511814
0.6278107249230015 0.5941406461256263 0.4022740051601273
0.6811371856305892 0.5136308954054846 0.4174094872989451
0.6053037796982005 0.5331481359666148 0.4728537359638534
-0.9439941553606817 0.3278930098802835 -0.0295156497230479
-0.420447006097685 -0.7573508266409905 -0.3997151309217716
0.2822229254400277 0.898420455966939 0.2691508480016123
-0.9545792375585354 -0.1106126297220002 0.2213317153857872
-0.961985458219021 -0.01564308702354075 0.2181218331168356
-0.4059281572356719 -0.8972085880814541 -0.1391151020095465
0.6551655832735583 0.4555856509698736 0.4821284629634221
0.5749378492530562 0.4666671198225204 0.5376501576439897
0.7290362921939583 0.4289314137630769 0.4267262743830382
0.6025768095040098 0.5668829365378962 -0.4493870847526542
0.6507080409674039 0.4896243108653092 -0.4643082284035271
-0.6866692274933519 0.6588251807731672 0.2458419045717136
-0.06138501095930624 -0.4064303008607425 -0.7292939230666428
0.5211119199671601 0.5469140333921397 0.5241846434664071
0.4879363091026263 0.4775373881303207 0.5845346600211708
0.4336619882613655 0.5568667996333053 0.5667234372585537
0.3983008432686646 0.4850377020469496 0.6228167580761379
0.3426324930940113 0.5626246799347745 0.6018937815685288
0.3056536079331597 0.4885093957086347 0.6538180504143101
-0.02981866930833219 0.8168664983813978 0.4608444220135338
0.04594333499522912 -0.9989402959864649 0.002190163316611007
-0.2937621212586233 0.935108431217396 0.1585454644796112
0.6807401040560656 0.5428166082608943 -0.3935016466757926
0.7269543819466893 0.4616364151431049 -0.4066874155179761
-0.2150051476564076 -0.3481490082167768 0.7299600228215991
-0.1617868494018654 -0.4279745108473571 0.7113537891881742
-0.3115804231323002 -0.1802151175000632 0.7463790570888806
-0.2073098304374497 -0.5043065128061501 0.6706164687964273
-0.1104980776378538 -0.5066041530996526 0.6840549249996924
-0.0644934883452284 -0.4286220758852958 0.720943251480933
-0.01292057817794575 -0.5057310746207637 0.690075538507477
0.03321560613153243 -0.4261655172123561 0.7232281744283761
0.08475385135180057 -0.5017254816109415 0.6886918966426973
0.1306959304934779 -0.4206333079648087 0.7182138707579638
0.1818626380167916 -0.4946073219788691 0.6799009706425027
0.1354006827624588 -0.5737521769418157 0.6462074438751632
0.2319280561165603 -0.5646854191469649 0.6336382585362395
0.2777097428040143 -0.4838007966278906 0.6639585953037476
0.3276323790707437 -0.5546428061986496 0.6118971844179217
0.3722877780744346 -0.4702779763189759 0.6401202063541399
0.4216359577040401 -0.539353582116357 0.5831340608151103
0.4643317333499401 -0.4527863982032851 0.6089363941858419
0.2489210025685053 0.5643739233575336 0.6296769503746835
0.2108174205780866 0.4881253169037958 0.6775436529952573
0.2851141115319695 0.6378009000093631 0.5723886541727157
0.8955979309728981 0.4431830271976029 -0.03091304388540539
0.2665547095352322 0.4103733121992053 0.6976726253293265
0.173269029677814 0.4125270621359157 0.7154519763550957
-0.9162855642262168 0.3780510181687186 -0.1058245867907497
0.5656252858695525 -0.756102696740333 -0.2633649914071132
-0.6936971422230234 0.5975172099220261 0.3217526590098503
0.9059086188658725 0.4178458296354358 0.05504579574602714
-0.3756410113956163 -0.0912612995795264 -0.7378087365193704
-0.2870538699029277 -0.09171360106963425 -0.7628110921700466
0.6254127547136271 0.4217566020944051 -0.525192691392434
-0.6835025849407892 -0.5068674534248757 0.4202167829397325
0.5413345830984159 0.7947815739866491 -0.2194963234942676
0.2869114426893238 -0.8043103805285187 0.4162819320243435
0.09845761905039178 -0.679654029750429 -0.581516085883061
0.3634714049554995 -0.924319886218564 0.09302485077208655
-0.08092782818529749 -0.9604580578191446 -0.2131230717428597
0.5092551346752526 -0.516448521121559 0.5507464798039807
0.5502832930921596 -0.4289481276090573 0.5730992520891756
0.5038694549646016 -0.3602233955059095 0.6280660743247288
0.1900706078703463 0.6358952575816822 0.5984034146474356
0.2247397432529007 0.7047728819951472 0.5383157334394003
0.5109819448970947 -0.8561970285509407 0.06105263454939346
-0.4246410614021233 0.8869274555934451 -0.1454145136873277
0.871517653134422 0.4670539392265359 -0.1195126052010763
0.3528207025845956 -0.7361211314386937 -0.4620948693432581
0.4508056283810979 0.4037815226677414 0.6368596793000072
0.04580293652008271 0.8540306289814809 0.4145619573613638
0.2241403759713893 0.7535365834178877 -0.4944127566705703
0.1897064798034936 0.6888546801396301 -0.5597088850009334
0.06128439395290033 -0.5403165777843812 -0.6713817245432647
0.32239498342274 -0.4006345362535851 0.6861152990101769
-0.9964814539148481 -0.07495106762969542 -0.03000852641413836
-0.9988473118337361 0.02249675721198943 -0.03392173162999238
-0.6158966820075418 0.6758719291441784 -0.3238453087381343
-0.6833388152971169 0.6092498988937547 -0.3218572346429715
0.8193879147940726 0.5464605472494311 -0.1385278378129649
-0.7275989015887792 -0.4211100160855595 0.4332324588092425
0.5929326972435149 -0.3421765347091711 0.5831478910239926
0.6344789604080776 -0.4049165863067134 0.5267129810791165
-0.5566204733867577 0.2688434643946482 -0.6288513161040143
-0.5454330353243652 0.1740122001233922 -0.6559134373059012
-0.9953429658668141 0.07483151034330135 0.0486135807144925
0.9149518769951428 0.3820214431686066 -0.1040697604261753
-0.8514595412410992 0.3604927341789006 0.3046956653278465
-0.6644629919103333 0.3892134262230156 0.5103735674844043
-0.5996237478268046 0.457888969956445 0.5250761786921891
-0.8912095860283727 0.2728087861070225 0.2899057391569325
-0.7427008841283499 0.5940978188838867 -0.2471510350371216
-0.7422703282432825 0.5237013207405371 -0.3344456298669558
-0.5615833134162457 0.3598459609363654 -0.5960590931725959
0.6277688218080959 0.3844920290901098 0.5414482422137695
-0.6276510496309327 0.6661147574277754 0.3223367579005526
-0.1427910340214699 0.986307992975246 0.0660049142229706
-0.2221356918524318 0.9748409843301488 0.0147683916625958
0.399409366342125 0.3844094716085947 -0.6658295355254986
0.3060900059585655 0.3940716075967198 -0.6932896543700838
-0.2291969687373213 -0.1711812262355566 -0.7665677216501575
0.8756336062419922 0.4114625684500742 -0.2023293827545363
0.9351945612569541 -0.3491910175077442 -0.04717128541691566
-0.949318862868334 0.2788886647558026 -0.1159718842426163
0.2559859471577163 0.4749009945412552 -0.6735887126092269
0.2094035639734327 0.3991120779842001 -0.7141359855276233
0.159760113082369 0.4798469541103026 -0.6901471643173963
-0.7528844481200877 -0.6426526027278016 -0.1135961689103119
0.2063436210719365 -0.7905788829051436 0.4612382221437429
-0.4820182962426929 0.8720557874113684 -0.06777405157553383
-0.8704656469882842 -0.4298684160153753 -0.1918377686704263
0.4295419615612077 0.8998285317360617 0.06093835170398695
0.112518641878259 0.402490879337266 -0.726786085625832
0.0624375816905751 0.4818083662449137 -0.699239471018181
-0.06070810590635923 -0.5772030823865804 0.6514727328437034
-0.6305789709758115 0.2949438278790827 -0.5743188242133782
0.5999228126929811 0.7306202597048829 -0.2608130731929658
-0.6335661820845442 0.3851705798792898 -0.5367979238793031
0.2282434243299102 -0.9388453005517068 -0.2062611019183308
0.3268328119526422 -0.2935241052578252 -0.7186760773149348
0.252020432879007 -0.3567257013763001 -0.7196587971038786
-0.01830029386740263 -0.347503177782775 0.7500001666880839
0.2691199675905831 -0.7840953317335505 -0.4474060017819674
0.2573716660246466 0.3155436010664267 -0.7306729222205972
0.9225734936989806 0.3168181541410342 -0.1761533984788944
0.8846513523853454 0.3313044228272118 -0.262455316288813
-0.3066563460189307 0.1721127830134549 -0.7489038711587731
-0.219008639260353 0.1360805319029617 -0.7729495941201179
-0.1856933827772612 -0.08520408838588299 -0.7831253206132743
-0.1403588219136623 -0.176459032543552 -0.7793994040315104
0.2273093029038763 0.3309088434572681 0.7327012239695532
0.1293412445316751 0.3257187838086825 0.7492623001698416
0.07391366620908732 0.403788997405946 0.729489121189423
0.0320921050185845 0.3199775393252897 0.7575051561003381
-0.09638374747800868 -0.9243108290415952 -0.2954152760177806
-0.8344185911252109 -0.03031511829963972 0.4402374692909977
-0.8034412856341051 -0.1153288087023596 0.4672858595228656
-0.3329204701518029 0.06353533342167594 0.7526496011126131
-0.2625456864768143 0.1307373829578192 0.7648173634889873
-0.2419962590993674 0.03569678082368673 0.7756962500033581
-0.1709406436615213 0.1023705418542821 0.7839590064813524
-0.9039206468671186 0.3461658917693625 -0.2009523558145688
0.1293265284931086 0.7518640967847144 -0.5172079065097297
0.09352628408104594 0.6845248826263757 -0.5783720708340403
0.03291955272572506 0.745826772832153 -0.5322608250698834
-0.003597210610309144 0.6769873053570741 -0.5887887218817659
0.2762471809806581 -0.4398078277525094 -0.6836404058967179
0.372603477509047 -0.6166893499370654 0.5547530732698226
-0.4634192997395281 0.143552226460474 -0.6995474243970787
-0.5322748211737851 0.07889909785189368 -0.6743095773794455
-0.7536743537278331 -0.4800027146815021 0.3591744867832986
-0.7048655492849919 -0.5635309053564225 0.3446482043028455
0.6726648286419848 -0.3153176270041143 0.5355202763121744
0.712028472180072 -0.3761720239266586 0.4743062728456094
0.6716363548745359 -0.4650949212414268 0.4613658477495027
-0.8560771549761006 0.0611750523572698 0.4105719076192997
-0.8203906094755485 0.132847503981853 0.4449257294031024
0.3849548361430847 -0.9020470855087893 -0.1561964499574023
0.6146289834510745 0.7598082021162276 -0.1695598229747684
0.1581593838499305 -0.9280425102174782 -0.2697823816687248
-0.6159800156393153 -0.3788010437303653 0.552566891285694
-0.3532147118598222 0.8215460846867662 0.3580403535349634
0.9474682037068592 0.3033300480441566 -0.08117096985707034
0.1265490033408598 0.9041941306254797 -0.3263552164334979
-0.9329683592211562 0.2463672378710077 0.2099496698483616
0.3181820473589207 0.7019872878230747 0.5097287325459543
0.2573660115079488 0.7676012154680606 0.4695878091313332
0.7078212928188385 -0.6257974476281803 -0.2621347097649724
-0.9889185967024803 -0.02949236933355968 -0.1163998879644545
-0.8780429553214848 0.4640947026388713 -0.09348942389074885
0.004979174624346015 0.9874834594953229 -0.1261151855553239
-0.2761351068979341 0.9267734026067644 -0.203710324465536
-0.6174053290248732 0.6162437772463645 -0.3911454086218646
0.5536306471712774 0.817801085709906 -0.1257158465095926
-0.9864015978024281 0.06818806798192803 -0.1196321702224516
-0.410314066777919 -0.5732213463106913 -0.5674135872820385
0.9156293121763137 -0.3107641714594278 -0.2040370043625078
-0.4282320921819028 0.7751207700140695 0.3716385918546619
-0.418723936534138 0.8304774986991266 0.2939141525033974
0.1313479812387305 0.7000770195171889 0.5615064734478146
0.7459878064957645 -0.2848171845058808 0.4815849592134909
0.7820686834847138 -0.3440666614091612 0.415681960595253
0.8120503159989896 -0.2509869007793398 0.4214867854996151
0.8435825187654389 -0.3119869153296752 0.3496583005817482
-0.3488578674738133 -0.6454267327761143 -0.543601336816354
0.09411145693844274 0.6306029177475576 0.6163027795108198
0.03615537685452466 0.6926302417110095 0.5763088821758584
-0.1497257833480392 0.007182057863614898 0.7909611804767807
0.2760263867496624 -0.716496823136699 -0.5125258151565476
-0.7300950310772423 0.323542287257943 0.4815186867915099
-0.7276615672990461 0.4140884192221368 0.4374759784341134
0.1226536325107419 -0.8286982391483503 0.4368727520836925
0.1260028924554286 -0.7636184358034316 0.5066029012749047
-0.7017670556005735 0.319613242969748 -0.5093496242650228
0.62625071078584 -0.2508844058268164 0.5905208885196351
0.6662202551405578 0.6982487575333145 -0.2095316594596734
-0.6284421659698284 0.6016444052231065 0.3944287646264233
0.9214449637343982 0.2443911690025384 -0.2416107750207658
0.8761778729320137 0.2579509365934272 -0.3257224824121603
-0.7959114025237067 -0.3923893676790089 0.368830040828749
-0.766440187731363 -0.3316533759154791 0.4400548888485099
0.6221152069426176 0.7774909581610359 -0.07367161415287407
-0.1393526755843997 -0.7702016924738604 -0.4979125608170947
0.7513290107870093 0.5121128433061278 -0.3329818284730647
0.1460309196609794 -0.9644010684218675 -0.1763733308270465
0.2110134404634479 -0.9670641130782377 -0.1138710263833044
-0.7707906842542023 -0.5329450679588597 0.2792576165252612
-0.7186519704284481 -0.6136697637323227 0.2616241780631446
-0.9597156821198589 0.2735867941093643 0.05120047238640838
0.2344820879394162 -0.2649032383121704 -0.7482649476295614
0.161339421967297 -0.3296415160235014 -0.7441746297564243
0.1597138843767208 -0.9744419267707367 0.1263757102956313
0.01489701822649226 0.4029447351086528 -0.732082451879263
0.06475122336565475 0.322189505417859 -0.7555665219354267
-0.03184458386597933 0.4820236955884488 -0.7004634257379757
-0.1755912172789945 -0.2527668087349257 -0.7611682241676431
-0.07857391659567807 -0.2482568701217575 -0.7724018295444575
0.6480770002717807 -0.4841694690918308 -0.4702857867590318
-0.6121558113820803 0.108859728425991 -0.6265664259722398
0.5095983453108925 -0.6199019485607575 -0.4773467339379883
-0.1690429939537895 0.390595951185004 -0.7239267450732384
-0.4671467694151568 -0.09295022281993014 -0.7034243791749993
-0.5242720778456802 -0.4206423139807564 -0.5923236045704953
0.3207257999976598 0.3299703348264875 0.7102696003520271
0.2734180158284423 0.2375650829634748 0.7456778585859158
0.3586450523365206 -0.6566854699084642 -0.5307431288572708
0.2744746570310147 -0.6383635883219005 -0.5753082467004934
-0.9164983928730458 0.1919419703394006 0.280786296968612
0.2479117231616444 0.6184889007556744 -0.5965292990147921
0.4887049700481024 0.3709248397553648 -0.6317377762345338
0.4430417105789932 0.2970819383944159 -0.6766772297949116
0.5319380345959911 0.2834905449204839 -0.6383353542661869
-0.03530385344816066 -0.1621512577962637 -0.7889073385494347
-0.7114799540854776 -0.08358366394743111 -0.5581741927710518
-0.535080458278133 -0.2371957378491919 0.6486550196164569
-0.7002666075863128 0.4075187580552602 -0.4689086154944259
-0.4318676434424642 0.7120855058380661 0.4428450354137334
-0.6288244706038031 -0.4899717249146432 -0.482995648148687
-0.8669933805235034 -0.1088338886802014 0.3890317521668776
0.4699088254861987 -0.8563586900621686 -0.1712737965904874
0.1723445030332901 -0.8801957373640841 -0.3537708512133168
0.1240676802610334 0.9240718792016106 0.289217839320827
-0.8073992562507267 0.445901046746738 0.3090928119678606
0.02220595439852415 0.9969246397346961 0.06012338395850558
0.8662966239886878 -0.2468805600003824 -0.347406526925168
-0.9389591622277786 0.234605178004765 -0.2013015284541846
-0.3950097438801928 0.915933503508173 -0.05675558483714714
-0.4485674276093254 0.8933399074969829 0.02163068281840136
-0.9820504098148878 -0.126684874071555 -0.1117939111440626
-0.8156504094171392 -0.3880375559006641 -0.3432934742900121
-0.6509075653745248 -0.6413795220062668 0.3249139209961645
-0.6598309450990001 -0.6888303401466128 0.2401811135066366
-0.300765632394921 -0.9533264864358012 -0.02129630398060264
-0.2794464754819127 -0.9556672074392105 0.07423144763703529
-0.3684408828759519 -0.9279954065163337 0.04436821428129675
0.4647653108979429 0.6238449218496083 0.5026717222320872
-0.02350404861418864 0.3969013709319226 0.7340482213919638
-0.06486942538687725 0.31813636867203 0.756658425903007
-0.01350646916375172 0.2368256089269523 0.7771666307801364
0.02115600136575698 0.482828273149865 0.7003675753789093
-0.1207929218461926 0.3877068652193568 0.7310671462211452
-0.619578737319218 0.7223649885214618 0.2456807836136141
-0.7750280844689689 0.6223832045416796 -0.0875282445432663
-0.8313628423000584 -0.3014477633018757 0.3734938354023548
0.2178065604054737 -0.7141754044651402 0.5321736822663159
-0.9561299085281671 0.1568611354284076 0.1979255330027397
0.4087443114242721 0.8992242442143441 -0.1247688332761064
0.3729417308485769 0.2488232612715534 0.7150950482465868
-0.06380169446974336 0.7343245195710649 -0.5406347935467056
-0.09973438200240237 0.6612858415207139 -0.5947794691013955
0.06823513838273074 0.8072008011179795 -0.4690557886234899
-0.5939724524203626 -0.71254313162917 0.2987751115030411
-0.5978854552470102 -0.7569996462801232 0.2108793291883772
-0.6623408388616802 -0.7256879251379516 0.1489840764323075
-0.5931225922474823 -0.7904303763442868 0.1224428963208074
-0.5337446499158361 -0.8140336347313266 0.1832434711958079
-0.6502975640636774 -0.7562321253189129 0.05783314376230735
-0.5846220137962136 -0.8105860570706114 0.02733314550597812
-0.5971214910687754 0.01343970655752352 -0.6416305724344249
0.3484863800208871 0.7613613482547593 0.4373638414491132
0.0682613178836657 -0.9112946029435944 -0.3248458481204024
0.09446876776690351 -0.8565528637862607 -0.4058711862302385
-0.758704093635543 0.3391911882147067 -0.4449305104490199
0.8106948357913639 -0.4012610555387274 0.3410697979280224
0.8675095032924419 -0.3638914605037798 0.2713053089576852
0.9022836086342527 -0.2560505001718971 0.277500190646907
0.9150686196184833 -0.3204407329730138 0.1959055413876649
0.9410200898222802 -0.2366896220712036 0.1934267213881812
0.9494615782401907 -0.2778385990254661 0.1168340343214082
-0.3319491430075101 -0.005430848206255901 -0.7546253204739274
-0.6636595352922633 0.2050728342139963 0.5755004244005222
-0.3457062909253501 -0.9224820826421875 0.1374370374972204
0.3059353538353587 -0.1982626708972192 -0.7449436908018577
-0.1907791378207086 0.1969876319707676 0.7693318424390604
-0.6312609677538561 0.4707630237680271 -0.4930828837707503
-0.07313924936644915 -0.8277198817287581 -0.4450836847824774
0.5580628401699369 0.8288881232507 -0.03109053160454716
-0.964046934738199 0.02407993554270323 -0.2117109944446215
-0.1437202319606717 0.9889168821690546 -0.02980357118152139
-0.8004240541798576 0.515537899011259 -0.2446771040186146
-0.8056372625829773 0.4420887497300486 -0.3154741330758427
-0.4331886325137801 -0.6403188254268578 -0.5074418416897434
0.01895761652416271 -0.2424483699217638 -0.7759832561896693
0.8354618749543671 0.342554691998348 -0.343776428267117
0.8187041956571351 0.2697689248147306 -0.4055204397059819
-0.6338655398669399 -0.7721540977122427 -0.03571018234966581
0.1952116222223845 -0.7618986596235355 -0.4940625741830941
0.447231655884592 -0.8882310695055681 -0.08401681027878145
0.5402165576148166 -0.8330847993687985 -0.09511521582399411
0.3601446723014544 -0.9292865059629496 -0.06559221830943411
-0.2568077422520294 -0.6440128661563246 -0.5764982354842899
-0.2849133529262488 -0.7126688450323667 -0.5128290154939708
-0.8940257916738624 0.2829235874058615 -0.2779031514885098
0.5771158450963892 0.692630004548056 -0.3461338267326697
-0.6934297312657443 0.2303847991409006 -0.5461592747155136
-0.5470740614154328 0.6775489097659914 -0.393253055384008
-0.5333872704958578 0.8457612917334659 0.01090635274155511
-0.4952740713716379 0.8602889161306034 0.09668613140604845
-0.8353513053754111 0.2920216613744249 0.3725901090652552
0.9707803019136738 -0.1747278958643764 0.1315891006385027
0.9726998005709526 -0.2272776581578089 0.03752301967832047
-0.5541500659622791 0.6063473661589576 -0.4562529655854325
-0.451586036392388 0.05165480917500654 -0.7125848530187014
-0.4951084933991924 -0.5681117573591938 -0.5258846175589351
-0.716435120113575 -0.6918006939161082 0.07214438219033478
0.107868110230523 0.5542798380217294 -0.6602488413114079
0.02201319026484769 -0.9933832855518868 -0.09017340606809428
-0.2598549882573088 -0.9433376163058139 0.1650978410330244
-0.677489260143264 0.03688665825130787 -0.5876857265354449
-0.2918867794722537 0.904350483083202 0.249097329368576
0.0440485245871089 -0.8001020214333151 0.4785956006684701
0.04337854659490636 -0.727986642817028 0.5473740948640117
-0.2247774587402815 -0.05979064827984536 0.7780591946305522
-0.1273173789951127 -0.08798453815300415 0.790361539975955
-0.1970679713546 -0.1510768234024797 0.7749436141952208
-0.1038645753436499 -0.1825452631699516 0.7821567625515067
0.2836394301534529 0.8215750836694585 0.3956265354544332
0.1968349587417259 0.826658114200627 0.4217239751256499
0.7031482076782712 0.5904749226166079 -0.3169070160659704
-0.7795064088952047 -0.5774108700120463 0.194264060590912
0.4919849193038461 0.2160462296083625 -0.6746969053906674
0.4044755003330071 0.2280671270062678 -0.708524079572502
0.5716846652748119 0.194176751826463 -0.6377319976490442
0.6166921032525992 0.268017069397385 -0.5921392810736464
-0.4323633747031472 -0.8913811819222353 0.1088161774156032
-0.4545328979261434 -0.8903785003178096 0.02001552796677562
-0.4078745658421536 -0.8786298395445559 0.1986320314164581
-0.3684137489376339 0.9287255340140562 0.03337248748558655
-0.4949416780346458 0.7798177549327482 0.3066380322774299
0.04141134801556218 -0.8576532945743286 0.4100465741830477
0.51118186113741 -0.5157992862070828 -0.5499929897399682
0.3302059416592853 0.1642691088760986 0.7436040649536906
-0.560068124770797 0.6679224976694244 0.3920842625540674
-0.5686870184341688 0.59410230054168 0.4551131949257732
-0.2144650471810696 0.9709185292035907 -0.08512373370291595
0.05938748639990139 0.7937537690923263 0.4842664261818381
0.3633381970248257 0.811432313978118 0.3662243722440028
-0.03945451145470089 0.6027640046697593 -0.6375547769158511
-0.1396304311881719 0.597101404298255 -0.6319358223978164
-0.1863261322852704 0.6513861399064664 -0.588410017135869
0.16177652140439 -0.2566679326629419 -0.7622912532998716
-0.9608140492202878 0.1137549750600088 -0.2022215315459923
-0.1104849400477933 0.7511309532836995 0.5206736369230959
-0.07872700554996956 -0.03800201204875232 0.7969372996877009
-0.07854130722292571 0.07406297086768181 0.7953247143273111
0.04877449003668571 0.08465273889482199 0.7961728306519448
0.1155318878906697 0.1773934477645742 0.7818681004141258
0.2095795666505146 0.1842522380504246 0.768219767729414
-0.4750684763033703 0.8325131439532393 0.2280095548424399
-0.6973644416239414 0.5158945704081906 0.398023619626274
-0.9729808158196752 0.1751735900029127 -0.1203263440145874
-0.9256186521474722 -0.05962436172527451 0.2989849989928458
-0.9321565143363818 0.02726412314988409 0.2888220494287668
0.7785374272353514 0.5536025579737829 -0.2365129100221219
0.8133835857341837 0.4737986492524318 -0.2700186451929842
-0.9112667753035774 -0.1620695936869337 0.3028676923331073
-0.1785210053007078 -0.8357776684570646 -0.4153887351962425
-0.8529296231692698 0.433543685638882 -0.2326211416881708
-0.1400861711851802 0.9769835588967235 -0.1286955857223866
-0.8009504759978406 -0.2460566863876495 0.4366669702793745
-0.7303256521017299 -0.2701113617649942 0.5019413792881513
-0.02821682696621511 0.3300285038033811 -0.7548393195283924
0.01826375085331827 0.2476582086147295 -0.7749402442451463
0.1163480362003627 0.2454700501275709 -0.7699174351423143
0.4375619975839337 -0.5890959811050032 -0.5434735236627689
-0.3822208612263088 0.8891790494303771 0.2012247798617409
-0.9233143292806798 0.03506313479848418 -0.3059529123750354
-0.002284008670384404 0.6236642041660979 0.6253512261102614
-0.05200154744058111 -0.7728393738407351 0.5059740017385845
-0.03964981947402613 -0.6878477990482998 0.5798169626549881
0.04355740349427042 -0.6621282797259972 0.5984988655162804
-0.6939386352247365 0.4921833635128994 -0.420441449696718
0.2156598029964479 -0.1712487722303157 -0.7690678856407485
-0.004645425004358228 -0.8717411707844004 -0.3919557127521193
-0.625279868970289 0.5276202575484152 0.4600117906558773
0.3528872564009914 -0.557876875193428 -0.6009294009218439
0.2475803924389128 -0.561845261718748 -0.6314599470631138
0.1847787939561502 -0.6209633808317979 -0.6093990624056085
0.765406858327206 0.3695714216767307 -0.4214787723284888
0.7528839133716855 0.2777615257007222 -0.4773355031934957
0.795701875106414 0.1916950352707391 -0.4596426712338613
0.7285516361607169 0.1937319602858832 -0.5256191418196754
0.7655863669707876 0.1115873498278045 -0.5068653647299269
0.6959686003357491 0.3577506208786974 -0.4980873501594545
-0.8572425166620512 -0.3534495063217251 0.2995556326110705
0.8286787423750459 -0.4544289811248666 0.2614248258136503
0.5145938720485779 0.1284600882910804 -0.6782052326858231
-0.1010473576993863 0.1637140387570113 0.7850552673602909
-0.123621800271949 0.2515158150468452 0.7679405999024012
-0.5601107648139338 -0.8232571275190407 -0.0738588193944034
-0.00888329452636292 -0.9429142247782054 -0.2663337476647207
0.7655264233675572 -0.4925749858966058 0.3311450953476761
0.7133712981714986 -0.5777027586329844 0.3173499404636593
0.6412401318544304 -0.6065271428248178 0.3760305675371195
0.776513335648913 -0.1764306046760076 0.4839168730552348
0.8457040130898583 -0.1632166446107888 0.4064638132307113
0.06448151099998943 -0.1640779404107526 -0.7874701017144863
-0.1732743704157588 -0.2485084431646508 0.762404426527718
0.07496347285211472 0.1764297489927724 -0.7851636349840142
-0.03440216099034003 0.1760109967109576 -0.7870295020060217
0.623508379909975 0.781256367873528 0.023674970264492
0.9102420483871454 0.1673984907140585 -0.3029847876362151
0.9487114867480648 0.1571897720762208 -0.2194362091789262
0.6868102355092396 0.08617758381963236 0.577367889344326
0.7180349661109166 0.16960750085625 0.5400201970121589
0.7879592065083513 0.1681240811412472 0.4738638334165734
0.7432686091351617 0.2522796219826403 0.4956816830226937
0.8099304378474196 0.2503913661005088 0.4243144868650957
0.6747250672489482 0.2513584238078121 0.5551590915227121
-0.9728944069257458 0.2264805383375421 -0.03737839998235251
-0.9820916471354759 0.1787191984579335 0.04770204006895659
0.1202857331121547 -0.9885450003782518 -0.07292790801588556
0.2120005030387009 -0.9767837585834843 -0.02464825418705475
-0.8819456418664466 0.143907188823313 0.3590766877848819
0.9341144571670594 0.07843904520113845 -0.2785993505800597
0.9181853117516611 -0.3704159995985662 0.1123643232344489
-0.06106774257942114 0.6870842256129555 0.5792055235814515
0.184243193616195 -0.6410981519236024 0.5960121368999109
0.1579248594160383 -0.5484590100676164 -0.6569030141159407
0.2862460835767001 -0.1041558406369287 -0.7619825679888342
-0.8631175978925265 -0.2079031083323822 0.3681776177913863
0.7590985321386852 0.3440267270689493 0.4421149385883235
0.8237019303657767 0.3291066480334029 0.3693921009502273
0.8675133775658385 0.2448173769136622 0.3463962971676688
0.8760329491292289 0.3220779982273144 0.2871454378230872
0.9146239961584033 0.2382131849037415 0.2613410635187655
0.916796896120525 0.3112578827080427 0.2001631042379231
0.9495559184339857 0.2284131249829202 0.1718995094397221
0.8384036930993973 0.3858433462421017 0.3079783468315797
0.9457619342611918 0.2936058912635811 0.111225736065995
0.9701845708675272 0.2253077494015729 0.07145713796760736
0.5834269082918536 -0.4535762571150544 -0.5389658967541493
0.5777526567249125 -0.3540458281433433 -0.5883418974557426
0.6483310583172395 -0.3826265975872977 -0.5265821725140439
0.8850242165471197 -0.08209249787529072 0.3665999087116107
0.9005070499443871 -0.1626533398148255 0.3226202166486553
-0.1285291644593697 -0.7111732480256765 0.5529342037825394
-0.1559571986137852 -0.5806617032391063 0.6392542347915111
-0.2482612200617398 -0.5799362236584908 0.6207300698253616
0.4203079642927208 -0.9072051682820534 0.01431078573807726
-0.4454520213191621 0.3858565576660735 0.6463124760590706
-0.4482500565311053 0.471264803242338 0.6076743191123726
0.2194297580583215 0.8779627210570869 0.3403828824955821
-0.8316120013992098 -0.489224848316038 0.2102653971249867
0.6952470211872139 0.7185102170821924 -0.01548465002626851
0.6766742165330457 0.7292987412284071 0.08093592812905571
0.7402485524871831 0.6641262527759143 -0.08378410699678936
0.02291038393742173 -0.8173066897174801 -0.4605977953926531
0.6017915065136815 0.09221897970574633 -0.634648951138199
0.5811751736385746 -0.5490689374384105 -0.4805055467643565
0.6392711842281538 0.1682216240501483 0.6002846461964334
0.5881890769931941 0.2500487320126439 0.6152771037897058
-0.8516388022492283 0.3646006528419027 -0.3012270526504635
-0.8464971663745903 0.2854907681662568 -0.3594997133676786
0.1304660804128851 -0.07339530497545936 0.7909859087773466
0.1095805018644542 -0.1600591491545042 0.7848049673168267
0.2056072580863507 -0.1173242790841187 0.7772611067936867
0.2029715851203984 -0.2118154543655097 0.7648003133579465
0.1148832776103829 -0.2618296443648079 0.7666016727797221
0.00857641727488196 -0.171704186424045 0.7880889766745617
0.2116456137984921 -0.3130307783419405 0.7406884866265432
0.2905532164100945 -0.2502326247115857 0.7388477350961885
0.06713724923001797 0.1089464442996661 -0.7934222631775487
-0.04758073616210828 0.05701825547636803 -0.7977909468881996
-0.1144893988274321 0.1181771825063323 -0.789096224739568
-0.1154448749678901 0.2233308605492281 -0.7743056998658819
-0.1817507049852735 0.04393895333792885 -0.7858899870559689
-0.1281078004838861 -0.0384420639410426 -0.7928119471047883
0.04855002368630689 -0.08452119877234936 -0.7961905549434832
0.2514904494559221 0.08823503220006446 -0.7710635285578429
0.3184337512672834 0.09366043909469729 -0.754645418491067
0.2616413406558828 0.1694071667853558 -0.7601452579928344
0.2633002560403297 0.07254543448266526 0.7695859188336829
0.4209984523495564 -0.07902149840902624 0.7228901574799736
0.464034302055342 -0.1680420098742099 0.69578573687408
0.5681713803394164 -0.1889193346241164 0.6407449502288451
0.4949438767764215 -0.2530573859444 0.6650076779156225
0.4057981952139859 -0.244993323129956 0.7044117415865526
0.609816881732595 -0.08960194507880148 0.6299688181195153
0.6810537174093118 -0.08204522636835282 0.5820979518029579
0.3368796420667998 0.08450210971668083 0.7501984804951288
0.5255115071648034 0.08399819325896915 0.6773038121807877
0.4868460237988608 0.1700195774915124 0.6854250849828463
0.5219103458729337 -0.08588673448895294 -0.6789323664505591
0.4624333285123894 -0.1571400140192034 -0.6980945186090478
0.3763429073759328 -0.1473134414557384 -0.7317550479921201
0.8284206618534072 0.08534698426705419 0.4428526431513811
0.8278794293333315 -0.08400083571028809 -0.4436643849301877
-0.2719911549201205 -0.2573419883202399 -0.7418014452151375
-0.2188922508342198 -0.3275023806012217 -0.735316366514555
-0.1204853978272391 -0.3232688834597943 -0.7508844908866641
0.1814012456450904 0.2529132729041117 0.7602645705667848
-0.06982694050764229 0.467120997375419 0.7051455099494112
0.1174130556567028 0.4839471627774395 0.6937477664977773
0.06687791760772187 0.5567136225270641 0.6624064186303745
-0.2549702314512182 0.4123496664749134 -0.6996949889232547
0.05318006017500853 -0.7521792725431263 -0.5254472978520456
-0.4275086639694235 -0.01659341221384132 -0.7230871597376041
0.07886030919426903 -0.3435334340940258 0.7486588889659587
0.01968063821487078 -0.2760203103198835 0.7687602323826572
-0.3632405840350031 -0.09335571367105588 0.7416051731577401
0.1634409217975549 0.3239450340269621 -0.745480969044275
-0.4983610461057245 -0.182176354712466 -0.6780905159675773
-0.1178066702896649 -0.3533275867954807 0.7424418974576451
-0.2681008413686772 -0.2735478115940732 0.7389911105844782
-0.3898284150542378 0.2087848649396762 -0.717525832059439
-0.3771935327019942 0.110484790038834 -0.7356164870617252
-0.3059174559762304 0.06913109342469456 -0.7596358715283261
-0.3991727814289758 -0.001558490192278892 0.7334995183854782
0.1860286036909968 -0.4181692076614094 -0.7112930748421979
0.08993893412206612 -0.3960308519556374 -0.7310575583044734
0.2054578182807311 0.5543089410622392 -0.6452428666557266
0.3595251402735536 -0.4681308466308787 -0.645771567757609
0.3558687150872685 0.4075807235556771 0.6727783166103818
0.4105213179888847 0.328138984384652 0.6806101048459052
0.5075949078534978 0.3169726782651107 0.6409371792016521
0.5432044611082895 0.3961661026314536 0.592206089834467
-0.4905980841322722 -0.3208361212087788 0.6481371228613648
-0.5751721101566228 -0.1493742198721155 0.6434230390083713
0.01094280638457493 -0.4695623016564441 -0.7062652192377735
0.3571839770071817 0.3128795433083512 -0.7040572694653711
0.2249834601628224 -0.4056864459404796 0.7087119359438937
-0.3700236653271286 0.5290201403511847 0.6109508278482336
-0.4468531347440429 0.5552869539549096 0.5611295321328365
0.9321115970324093 0.08172247404091852 0.2822644523583628
0.9322096043092238 -0.08407504044706479 -0.2816143646421062
0.9423328624396358 -0.1632616654963248 -0.2337238095813955
0.969438449887681 -0.1813261353244575 -0.132205717341219
0.2757326102876541 -0.6320098637013232 0.5793983416245188
0.3179623999307938 -0.6901880792816699 0.5200248162987477
0.4108246086503134 -0.6780327713659324 0.4876029216523786
0.4632110487097671 -0.6013520356468116 0.5208063001625893
0.4964107993461828 -0.6575873610391181 0.4533644403481804
0.5465471583017768 -0.5792296846187308 0.4838374445757502
0.4501406376000306 -0.7377986559133732 0.4024139557925553
0.5931799657491338 -0.4946010907021142 0.5081777889267559
0.569132989192091 0.3531927788089358 -0.5940195291661027
0.5351764486404395 0.4435521448698966 -0.5751369443056409
-0.4381654220424483 -0.4222199109719019 -0.6348499840209143
-0.4903546288647222 0.418011481308822 -0.6117875393016473
-0.5890936808900957 0.09962745289627382 0.6415196985981377
0.4158583998288773 -0.3898176799506645 0.6573176852339923
0.3630579887723652 -0.3261712237306408 0.6982498026803284
0.302251818689485 0.5503167583248231 -0.6226628255385771
0.6560784751392741 0.1866025788917595 -0.5850076304513612
-0.2267156544429186 -0.5702434226745559 -0.6316568440167756
-0.6224105314196789 0.2040294348570804 -0.6045042240195307
-0.6854896940981391 0.1361545471231302 -0.5721906359711582
-0.161955075400773 0.7157108124804609 -0.5434871620639374
-0.1328599813751105 0.7886166112792871 -0.4802879574677701
-0.03310934861200771 0.8004285646696211 -0.4788104486047356
-0.2251344825826516 0.8179272282621755 -0.4235541157544592
-0.6039890014638185 -0.4150280526896297 -0.5443228463131894
0.9680277792872473 -0.08304101364707293 0.1893591864463582
0.9888759992582953 -0.08493880693749893 0.09768408563754488
-0.1639125173067758 -0.6413636045621683 -0.5996187660375834
0.1518501703081442 0.6199805507039456 -0.6158262833111143
-0.2476069020394434 0.5931716079465499 -0.6128429570262367
-0.3721777676887744 -0.7084204750874358 -0.4797493610393442
-0.31970679380832 -0.7674382255523365 -0.4445770203356066
-0.3393030413779303 -0.8184755161100535 -0.3709199595730102
0.06617200756389946 -0.9903042152220831 0.09771411927728581
-0.5325687656034283 -0.3944165442906053 0.5990959052404203
-0.7337232679815776 -0.1245452441924105 0.5343488886764447
-0.3574870553669264 0.6910692070852623 0.5025543433388314
0.5494095271290781 0.6101811832548856 0.456650830356128
0.1637311026416221 0.8116184453183979 -0.4486193042635274
0.2579049972307126 0.8091917752315102 -0.4223315727159238
0.3766003193034113 0.6331714936838894 0.5409716053689657
0.9889768131493424 -0.08665753981313049 -0.09605109922205049
0.9891808434673796 0.0827585301528164 0.09690336499126148
-0.6724719895332147 -0.1714186631433587 -0.5759983695640166
0.3407148733455328 0.6151907132701103 -0.5687621711118843
-0.2844128191157518 -0.6500621864853419 0.5637182286352798
-0.4683600225004665 -0.496476460383605 -0.5846845377717209
0.9965387123660903 0.08310751104945793 0.001546373905407732
0.9840207930814681 0.1570672962881384 -0.06709011596974586
0.1525079906426612 0.7706629963785304 0.4949795042564107
-0.7299338257993246 0.238171027999489 0.5125441929047693
-0.7478177855342518 0.1384778988413796 0.5194411958533124
-0.6689570529205693 0.1139318530525039 0.5876140198234071
-0.5528518426272387 -0.6073133014868948 0.4564386619493174
-0.6333490072888377 -0.5880385656068741 0.4024562030931594
0.2854364730910055 0.8554269551973155 -0.3457358475148029
-0.4431550938503117 -0.7491763732721227 0.3938310903118548
-0.3823252023779423 -0.8116492472569935 0.3533183847388153
-0.4650397858058928 -0.7926548155933856 0.3154033262315158
-0.757255357012185 0.4262982812765995 -0.3958457070380552
-0.7464218791524752 0.005665983850092166 -0.5323591419029817
0.7025926008651856 -0.2246633523745116 0.5401570232793214
-0.5650576447381728 0.4474696866246815 -0.5545337429877224
-0.8747016019124615 -0.1439931038293081 -0.3702220684174304
-0.8932874562042749 -0.2206886408187053 -0.3132631296802748
-0.7511961950968035 0.2494361687470708 -0.4889079253636982
0.115756375925211 -0.8840634645814532 0.3622438975275293
0.9561741327997964 0.2921936628366429 0.01504959614423865
0.8591082267426102 0.177813690260889 -0.3839294487680547
-0.03707398386457244 0.5459395063104682 0.6696031422482505
-0.8006543705758236 -0.3164338875765758 -0.4069965493090136
-0.6937798494323676 -0.3580884483994933 0.499882983839663
0.6939654106858418 0.3267495484189944 0.5132776193084527
-0.3033505587728454 -0.4969374537969444 0.6504308014876354
0.4338695853072752 -0.6821721782283331 -0.4708448931503482
0.7074622853370655 -0.411716792247767 -0.459555540273854
0.7496728796717868 0.4913070764505172 0.3547239423454862
0.7659156265734948 0.5455558705608291 0.2721670605399816
0.8749548412908933 -0.3233880241654731 -0.2883045184833325
0.4945738391815364 0.7185224816125614 -0.3912009497040104
-0.8236928112953831 -0.4535346405677006 -0.2722780724778964
-0.6439609029042326 -0.5604229494686899 -0.416646016269604
0.5687116514796194 0.6678255679846419 0.3841466954941578
0.639854124509478 -0.6935578296305787 -0.2648039109153251
0.6226780898409828 -0.7445349070421877 -0.1925654484109388
-0.5085246058546945 -0.6982749515429166 -0.4030402995537316
0.8511228433545808 0.1672122973418368 0.3980994473848391
0.7709056272457223 -0.5529169803429346 -0.25296618174525
0.7563865585452305 -0.6136555991021848 -0.1812069398099589
0.8508164957579899 -0.1673103547329762 -0.398491985963257
0.03479688587000591 0.8937412051629712 -0.3577850393094396
0.7434429972907317 -0.43643663584167 0.4054157946007162
0.5832822087163193 -0.6794754917465357 0.356062844889665
0.9583386977483426 0.2253211203227846 -0.1404389305216945
-0.1798945580532391 -0.894609154067381 -0.3272307168385512
0.8337305742368721 -0.5056852658756936 0.1774048323290139
0.2602058409488001 -0.8447448642504484 -0.3741221487449204
0.6298922478446627 0.6196613723453612 -0.3745978449298492
0.5510349942004608 0.643643550413094 -0.4248922048167043
0.2167352364049962 0.9040505600428739 -0.2947198503654735
0.6568448386394053 -0.7394713391980909 0.1179477754462
0.7112092562332107 -0.7004635050674398 0.04754633557675087
0.642032673015512 -0.7659464537426237 0.02677403852575521
-0.9353440647703423 0.3090418487062211 0.1376944239908284
-0.5431290705057099 0.7389154280785966 -0.3190132816485514
-0.670841896661712 0.7112781526021537 0.1679133858900996
0.08851728262641814 0.9895092793219461 -0.09134051214990195
-0.3613341238538392 0.8916450254736116 -0.2182208781753976
-0.6360784031164904 -0.7350361594116469 -0.1878316002315297
-0.7041231652089673 -0.6678324395798256 -0.1930146537209461
-0.4882243544906369 -0.8498305126248045 -0.158845997356561
-0.4759748547157174 0.734219193046073 -0.3872942978076491
-0.4827423038828919 0.66522979794191 -0.4556694830050418
0.4486479999874245 -0.8075143200900243 0.3063442194205246
0.3736224768988393 -0.803119989938928 0.3712935455546487
0.8686618112753186 0.4092303033094287 0.2233665564727617
0.2045488530344654 0.932986268994094 0.2369086083241582
-0.8198695262477637 -0.4418729568085636 0.2912727930682438
0.1009174739475181 0.994879107709112 0.004470310662908613
-0.5637889638649585 0.8203392495341485 -0.0766728943930558
-0.8081670944783407 0.5085891926519971 0.237591892817951
-0.3901207303448817 -0.9188609124426671 -0.04733160865353636
-0.1890906461011699 -0.9735183237637182 0.102783036276062
-0.9356256152068958 -0.2138471954689767 0.224676243741108
0.4874549090796425 -0.8127177748967136 -0.2553460772909941
0.5086750500302618 0.8526788438138009 0.09529233434544945
0.8711420321893664 0.4622039979607965 0.1326143859997992
0.9116620511662419 -0.4095582778938562 0.02694375144752656
0.792829446080011 0.4249072584352138 -0.3495142147907884
-0.8743380589037396 -0.4007271728017412 0.2190169918241261
0.7920994536365571 -0.5984063640542007 -0.09629381374305965
-0.9912923844415793 0.1234861811136512 -0.03657821534930736
-0.7917987515885588 -0.6092945031442956 -0.03408174099727986
-0.7379176693674865 -0.6741248481634715 -0.02571477177136818
-0.4174603113048699 0.899351802034738 0.1039791507166258
-0.8103523009506727 0.5858997019454555 -0.005695618199354582
-0.8633115999767303 0.5044778574009799 -0.01117633894216158
0.2972467416299615 -0.9385613452957605 -0.1402785245590673
-0.9661814269187036 -0.08135548401478881 -0.1957545164709015
-0.9562814276377356 -0.1740077091123349 -0.1880376954968106
-0.9274682441372269 -0.1336497561057062 -0.2793597237225372
0.8785975489069081 -0.4156462902188072 0.1881352849110287
-0.984574935273498 -0.1718532491227211 -0.02627433847266853
-0.9335649389244081 -0.3570245025215794 -0.02517153198719872
-0.9418965206079649 -0.3090186315552602 -0.1053403772716193
0.3491142021020523 0.9365808542968239 0.02446976590363276
-0.3190347269072799 -0.9368883523421128 -0.1144225384032447
0.4769233140042802 0.8517042040044349 -0.1737015397796501
-0.7226987174232005 -0.6565167979987739 0.1728671309977434
-0.7312894301187152 0.6487107459595336 -0.1685517368136346
-0.9857781151606031 0.02904621794905152 0.1324183066335208
-0.05820673616552226 0.9883302560396551 0.1126134083996663
-0.7963536858770172 0.3862701735473689 0.3723363296958487
-0.06551733358520243 -0.9862855515275843 -0.121189543701595
0.3376899986353909 0.937044925751782 -0.07116076197216442
-0.5151930361319964 -0.8496148132892782 0.09026469364448624
0.9460401146428414 -0.2838289664626995 -0.125089968987508
0.6927192649839642 -0.7192937076919016 -0.04200252940888353
0.623751135616324 -0.777702703535548 -0.06254867278960159
-0.9076730353451914 -0.3971213242635455 -0.108588956263266
0.1936889268922924 0.861987367485565 -0.3747744946665331
-0.4411922333192908 0.632592844072983 0.5092273091727213
0.3551239199141921 -0.7471932708596829 0.4494186235477379
0.04148881534401265 0.9073606637877195 0.3346403958994159
0.5497574013274708 -0.802885869119517 -0.1844187944502194
-0.9250252632636001 0.1750551762438854 -0.2697364018080813
0.2446841090726921 -0.9509928817692717 0.1512449152155095
-0.3446913678357341 -0.5684699997854562 0.5976110950956404
-0.6853777621150895 -0.7177404549093378 -0.09832505303418296
0.4062357424136305 0.6946603111015986 0.4749194955044072
-0.9667097823649173 -0.2186187209892715 -0.1063670671228312
0.2112130532648677 0.2370526934685493 -0.7586071728212808
-0.2109743928124364 0.9051565796542199 0.2952220825194178
-0.8585771648113891 -0.3043337854927551 -0.3300678224337165
-0.904147439301195 -0.2884181049431 -0.252136350091609
-0.5174727839966591 -0.02111942544890083 -0.6843512023241657
-0.5869000253904917 -0.07870714797584583 -0.6446598086081178
0.125197071863083 0.8741564171630236 0.3753835385028941
0.8144956476894125 -0.5405586970935968 -0.1685574273965554
-0.5764674189390148 -0.3098162903498061 0.604886333063355
-0.5518120513489263 -0.4943764083782934 -0.5373091039318469
-0.6164644480921767 -0.2261960813344202 0.6033543129020548
0.1846557632296044 -0.8261093581323712 -0.4259168576234295
-0.2737229797560151 0.2160194570727529 0.7497888020585982
0.3558920529744659 -0.1716720743320502 0.7348989788640726
-0.3412225734492301 0.9247867864763567 -0.1346677212755445
0.8343564771019999 0.09616742226367619 -0.4342173435600931
0.4866796467023558 0.8676758410997566 -0.08111840731177992
-0.8675906087696059 -0.3704682285189662 -0.2653780123314563
-0.7542158037936016 0.5247247041827283 0.3157948763392532
-0.7910249086697102 0.5745503711500282 -0.1681360684692081
-0.06225553245151612 0.9978122295242511 0.01779893553709361
0.01466963227131777 0.9990086902398242 -0.03362321782897205
-0.6098310539710214 0.7925168420756412 0.003848377448971496
-0.5799959943985972 -0.6620183995173239 0.3797567939043965
0.5866252378410018 -0.8015222818877656 0.09272017934552529
-0.5272705563488279 0.4217157184469128 0.5901276408221675
0.002141511389589315 -0.9738645574688597 -0.1816955477890638
-0.6569369596242851 -0.2940545737508216 0.5553900186273848
-0.1708481860253171 -0.9547689016327954 0.1946931810730129
0.6919814066794805 -0.6818066466650056 -0.1898233779040834
-0.3094184179309813 0.949386550514027 -0.04326972409001132
0.419756843683334 0.9067805187909123 -0.03152936837719376
0.9036916931394409 0.1633484313661478 0.3166409840520227
0.7967235413264233 0.5989613088861565 -0.06438359618991027
-0.8881573415425418 -0.2620084233933972 0.3020231755186912
-0.1982465209366356 -0.7089123261455923 -0.5414892830853015
-0.9633263606643639 0.2158655088468906 0.1275100747440449
0.9852285772197514 -0.1631089860348296 -0.04172373371008094
-0.293908918654929 -0.009772639428762057 0.7646267766396615
0.4913658358283501 0.6832955079769549 0.4320495261678944
-0.2410422228277965 -0.9178088764701644 0.252381315424811
-0.8308186198643481 0.5453689752533647 -0.08877153315893736
0.5636839978342532 0.1688449965717498 0.6468393149304539
0.1135829880063847 -0.7953706372826745 -0.4763087766122094
-0.005791387917657155 0.7522493146778765 0.5270824927573459
-0.5587524974555726 0.5270617275424162 -0.5122509272282335
-0.1669971783432377 -0.7755577574538468 0.4870299258344157
-0.1838475938682534 -0.6525442820739659 0.5880876245792908
0.6941869490381869 -0.5260467747517841 0.3930429151597969
-0.78816581540218 0.2614984890770138 0.4457178929443908
0.6506017226107309 -0.1671747260910291 0.5926321001051976
-0.6022572385830464 0.771260681815964 0.1648139397193785
-0.4756423320162468 -0.8754364133798899 -0.06870438995092376
0.6529571079152154 0.6629368423768008 -0.293024786110635
0.040271623824344 -0.5873293523624041 0.6466763904980528
0.154995742760672 0.5626281410149778 0.6496403409464523
-0.0251851225034834 -0.3138094483669092 -0.7593215244024696
0.07159963267824485 -0.3116820411761403 -0.7579879884256174
0.9025794444217782 -0.1662977794898362 -0.3176870359775089
-0.6254094012709039 0.54826920814221 -0.4441721873004357
0.9300411634906386 0.3669684235662271 -0.01512846997254671
0.4320724530853927 0.7461058567941884 0.405276751461265
0.3165849862755425 0.2403016200443588 -0.734097139237132
-0.09370067709458338 -0.8824591287480336 -0.3687696900354177
0.03668768801457444 -0.9099725082535504 0.3304339428287714
0.5719631031883425 -0.8202753121245041 0.002058490352900491
0.6852899775402301 0.2746002969984015 -0.5396130901726093
-0.2288112847359619 -0.7711773588346292 -0.4752638860748077
-0.8880747204980045 -0.01352068001393955 0.3676002019797942
-0.5731253010237483 0.8121816276171735 0.08722712637726955
-0.1997388236686563 0.2835327917522225 0.7503443724885378
-0.2055939997451944 0.3780431482332022 0.7221366010799685
-0.5726408157572022 -0.5633659485034761 -0.476454441353264
0.1949552089923649 -0.6963858388601593 -0.5525442128462991
-0.5198963262683983 0.4988957175094747 0.554724218607166
0.1358295233280724 -0.9899317207866621 0.03185495902695554
-0.8439644287686532 0.494671775007843 -0.1659375843792649
-0.4863238300304925 0.5871375084755349 -0.5176925286603938
0.6477773626455913 0.7344680396613225 0.1618714297903884
0.2825206921856452 -0.3403092669622415 0.7174941555414943
0.2799982987108395 -0.1541130437344943 0.7580396285028588
0.0515449596105147 0.6176141601693218 -0.6278322661588365
0.4414359085457931 -0.3205386892053602 0.6704693459928426
0.1006882489250373 0.8589644255937994 -0.401630271442957
-0.9101382809114283 -0.3445831127227081 -0.1840187608625508
0.117493775169527 -0.4785713121885253 -0.6961216960027908
-0.003669656804996914 0.1327633725173312 0.7929127752429804
-0.08044852674145254 0.4018955591830569 -0.7297157776796412
-0.1247198406048368 0.4702000485836301 -0.6989623741158976
0.08700217088975319 0.2440784109377039 0.7726759120146952
-0.07758210366221664 -0.2729214050329443 0.7671223835049794
0.2239755551675878 -0.9712505410513715 0.06453445439968117
0.3062773285042575 -0.951852220185998 0.0104781363619523
0.7315887767241306 -0.6677534949977999 -0.1099327261614487
0.9442523916426022 0.1578040257124131 0.2311505972770917
-0.7934943486952695 0.1766476920736862 -0.4659011476087762
0.9481484735005 -0.3150317433799922 0.03365208212645115
0.9121187067692454 0.3757201308950647 0.1311459596066488
0.9122814306519692 -0.2418685165347095 -0.2644144770582967
-0.6978657514116324 -0.2083083246060984 0.5482137013429582
-0.8294112172673541 -0.5357992487459088 0.1264814869347281
0.1223177929093382 -0.6958963976321916 0.5661188914284783
-0.9425041059947405 -0.03994392453746556 -0.2654390995471163
0.8271885649720709 -0.07197474901406344 0.4458367152104424
-0.6464203393948809 -0.04787543115519714 -0.6091823702811162
-0.7733272832540053 -0.6189996702946361 0.1097030789726118
0.9688120055975545 0.0791054077649692 -0.1878648574223614
0.6234149815237239 -0.5528321734793459 0.4423431057650173
-0.549705699651737 0.7811292988666897 0.2368603466651899
-0.7673273871565106 -0.188953284955982 0.4902279221905868
-0.2821826181244975 0.8642212768565888 0.3332214203503935
0.07344278470127595 -0.9549060890177981 -0.2301450235406257
-0.1416251982920334 0.8512884614901339 -0.404178383226023
0.1626913088808428 0.1591640304518856 -0.7790038149020631
0.6791830621969541 0.7187488310756085 -0.1189567608226498
-0.3273761353724425 -0.9033412527473516 0.2217017052866483
0.3996957984389561 -0.2296506505506009 -0.7099313081866693
-0.980824278931402 0.1247091759049376 0.1198168076458224
0.3642177889823222 0.8562041152704076 0.2931319595626212
-0.3974258835702018 -0.851540253149917 0.2735624118435215
0.4525857266447251 0.2526542467278127 0.6841436067483462
-0.560693057256368 0.7260002019798099 0.3185436884520877
-0.4968530570178206 0.7247238268793955 0.3819213862440951
-0.03375879330393243 -0.1161254581098679 0.7941285424830158
-0.04615721398070465 -0.8710294581230198 0.3912459643176566
-0.9632865385273225 0.07166080942386291 0.2069879580416448
-0.5843124785527415 0.1883383440241845 0.6314973168349801
0.4978003525535903 0.8672127135626937 0.009360972009372654
-0.1993550057157052 0.9528394580250048 -0.1830489314721385
0.501533013581081 -0.8647277524067729 -0.02132492259582814
-0.7604564882066894 0.4588707075048675 0.3676029191077408
-0.06603047065585814 0.9932823904414725 -0.07602134346127756
-0.8851614608568169 0.2165076977091246 -0.3294733786359266
-0.7987244539472091 0.264894188248693 -0.4322001874678343
-0.2399074898540432 -0.02445750530210673 -0.7763900985443148
-0.05103166296662458 -0.0615180546260474 -0.7974404246908529
-0.1262366812832278 0.5205492601411424 0.6755585626440299
0.1057028121071487 -0.601912781530697 -0.6332281327636015
-0.5226658620492177 -0.7336120784451835 0.3474558642546116
0.718421286211435 0.6342474747534173 -0.2285271047902656
-0.510015762221198 -0.6366254162318553 -0.4627514247237605
-0.2547711172829225 0.6804158456222679 -0.5496913780365389
0.01788310215571769 0.5483731044340617 -0.6688340340577833
0.7664724737576727 0.6134011911297695 -0.1523342129763348
0.943094720623696 -0.1573005095361333 0.2343725548866305
0.003916524852666015 0.8482045740589332 -0.4237234278185389
-0.5271433439604257 0.8247349188358859 0.1638188434992451
-0.9386632345408464 -0.2602045517086157 -0.1810280391832114
0.9874311173043054 -0.1477417811008933 0.04491524246440344
-0.8078239856130058 0.3600194660630586 -0.3733578592816182
0.0905671627856872 -0.2244154301948137 -0.7762207124123098
0.9734803287368026 0.1565006207656065 0.1334912258089599
0.4427572250280954 0.798544958139608 0.3262313186831526
0.703566663285382 -0.3197894642416917 -0.5076872415956802
-0.8367336541678878 0.2112283949428164 0.4041855868011006
0.8648472878481801 -0.2304861541199953 0.3567993735067328
-0.5346374669170356 -0.7761933146948805 0.267356501702439
0.8451463934374773 0.3985208981456091 -0.2849939422804258
0.9671049138275576 -0.2478299166012061 -0.04587578420408902
0.2779805011153077 -0.7507850756303692 0.4793653212057012
0.5186764028102603 0.238619270351 0.6567973851275427
0.838444945510032 0.4887749227461508 -0.1928467134167221
-0.5051527117532767 0.6533059051946866 0.451140515260467
-0.6664848903793512 0.4631765007661398 0.4673434163672335
-0.444805719652822 -0.6978552636953336 -0.4491028587372665
-0.6186231583523366 -0.7724064684110263 -0.115082260685438
0.662470248560432 -0.7332265995418071 -0.1226687859149503
0.789471702627859 0.410926735548557 0.3647453018302172
-0.289285818691971 0.9538111826428954 0.06478490179208035
0.942667540763942 -0.2345193003188293 -0.189953434913765
0.572162699667917 -0.631699485441262 0.4184432904579276
0.3769129641527506 0.1602803081098201 -0.7298205106619827
0.448212096881537 0.1621450389553563 -0.7032791320896575
0.9735537840772693 0.1419984143415347 -0.14317425429638
0.7169386532243071 -0.1439066261084421 0.5456972643361895
0.1165022320302642 0.8265115512010281 0.440585708829135
-0.255096488592332 -0.8147221139410702 -0.4165793339575115
-0.5205640145351996 -0.8538108173221005 -0.003595107320876119
0.5859111255946616 0.3359174331358658 0.5899790537406197
0.6419489907781265 0.3386430737431596 -0.5503292755983703
-0.1034716180566716 -0.6406196667290659 0.6086838611202632
0.4058575440407714 0.1743624416908068 0.7177196746910319
-0.7696489592242397 -0.637013645556571 0.03444736218426597
0.3587070013912019 -0.07447417687093595 -0.7443796382523441
0.8105632061209161 0.4642513763451319 0.2856100260925103
-0.5123247903477807 0.5732343935843276 0.5115783508833724
0.560595999249337 -0.2817648437540001 0.6229430527808698
-0.07902276070905019 0.5391204507443559 -0.6708106345628686
0.1281597229663803 -0.7343741790592805 -0.5332284466771446
-0.6754836819561658 0.5598251697049128 -0.3839313061688467
-0.4533134926981076 0.8673889148955966 0.1642307599039007
0.01126770777521903 -0.3772753238105974 -0.7408260767786626
0.2801575218343355 -0.9562713046735872 -0.06720454659628373
-0.7407641488033101 0.1609039591348495 -0.5217683113612406
-0.1398921646627393 0.6752578751799779 0.5793552191315552
0.1292150248277192 -0.1497534239126384 -0.7841948286022657
-0.8824274603220275 0.4252581731217157 -0.1609516965309483
0.5640915617419509 0.823567862153733 0.04757603698708408
-0.06605311809384801 0.9785921071721346 -0.1559373687000912
-0.02284520569661157 -0.8292732783379022 0.4467009210907091
-0.2762365792314656 -0.1095096954546799 0.763864272298024
0.222959344239579 -0.07179577449383416 -0.7777442243127853
-0.1757364707027047 0.5240675821412065 -0.6666788670842368
-0.2008170812481991 0.4613791334204454 -0.69134155732085
0.9876503235470406 0.1528317235636427 0.02758901427733481
-0.9004894635330694 0.06942370166752344 0.3434405457370024
0.5201630741763799 -0.7000104878155621 0.3914409836174814
-0.3467035287114599 0.8659133004280284 0.2884339168082542
0.2633632199262144 0.1424315336148866 0.7632993950464084
0.1100320980677556 -0.6360858509167813 0.6109862074558645
-0.7813636932796658 0.1952187427513225 0.4742053032536542
0.07270175883340914 -0.979979402071317 -0.1482804386904162
0.2932935128716337 0.8610554402149927 0.3323250882456699
-0.9377404603134498 0.09715286926778531 -0.2667782888727256
0.03812916454736552 0.190405575448959 0.7847718174955554
0.1481877620324245 -0.3447056003730635 0.741552290269116
-0.9264676624439923 -0.218981682858955 -0.2448897783318204
0.6904491524250099 -0.2346201175151235 -0.5474206387765954
-0.1442755932021687 0.4494124230743258 0.7052774896473589
-0.4712417661437433 -0.8573757707997496 0.1655787145494458
-0.8272409759971453 -0.1746449401122907 0.4272116197104867
-0.8795119781178926 0.2139928282524634 0.3400383505934947
0.7171060491918427 0.6679785762546652 -0.1591246774119095
0.292456992147628 -0.9487138941741861 0.09603617566667434
-0.5692263324834698 0.5231585555218135 0.5074084796716731
-0.4705884947393033 -0.8320268133399616 0.2349847321029621
0.2167235260382828 -0.4973067397720346 -0.6720556738075052
-0.02670958894854042 -0.9104110146841414 -0.3302734694279798
-0.5122460430587841 0.1620633382420461 0.6747275435995007
-0.270987381550746 0.9483925137933767 -0.1317390847296581
-0.639277035384363 -0.1165647313507815 -0.6080723827626052
0.9330847252783989 0.3518914959223632 0.05946573090259567
-0.1358059487986912 0.3219686890514211 0.7495675158559726
0.07242093587554045 0.7405364604284601 0.5344820049793251
0.5971588080398661 -0.7843115369232991 -0.1344780036244876
-0.9308282667705883 0.1103504019560909 0.2787188135095202
0.2961252595924757 -0.5051546992181273 -0.6485077321921802
-0.1732983647364871 0.1880829483753998 -0.7733945875414754
0.9712781259848539 0.2330380001957227 -0.03846737795590489
-0.3874524781018598 0.04393755806225235 -0.7366736344207809
0.2631473876340921 -0.06074882180996695 0.7702729004315513
-0.02300879190172714 -0.6340909640878604 0.6183328526325483
-0.3488073433680668 0.9275675564321891 0.1071876573996958
-0.7788866822056022 0.3347929679325873 0.4242634690137822
0.6899882489785139 0.4274867743602656 -0.4672789481368881
-0.05802014798390676 0.2625278145960523 -0.7705427942395291
0.6957512540097768 0.3933278299205229 0.4808149154117981
-0.09379062008270087 0.3382284616062753 -0.7491028564223549
-0.08789955636356205 0.8281504710191002 -0.4428565205784328
-0.7233362332116735 0.08118471325106526 -0.5485653936193874
-0.1093000429021042 -0.1087829997185474 -0.7904306713052404
0.518858280511182 0.05500059153314388 -0.6824712833465082
-0.6859930456254177 -0.727585618055912 -0.004575395188014049
-0.5274699071829754 -0.1137345376393637 -0.6735410672387986
-0.1165714009061326 0.02680565957408031 -0.7942564080116518
0.7307949218801619 0.6771822526134383 0.0686462416721913
0.6370601841171299 0.3105459107489089 0.5643916706003543
0.3127514256130383 -0.9294981369849998 0.1563989956354988
-0.2453188005274422 -0.1987841676222166 0.7590746116942209
$EndNodes
$Elements
1 2794 1 2794
2 1 2 2794
1 836 1244 49 
2 806 1044 647 
3 884 1086 663 
4 641 806 772 
5 257 784 440 
6 1000 1001 422 
7 813 1029 514 
8 837 1244 836 
9 480 1233 881 
10 707 1285 877 
11 757 1231 901 
12 641 1044 806 
13 550 1275 909 
14 799 894 563 
15 750 1245 655 
16 655 1030 750 
17 709 1285 707 
18 115 1084 117 
19 647 817 806 
20 909 1275 908 
21 976 1083 96 
22 901 1231 941 
23 897 901 900 
24 823 824 39 
25 901 941 900 
26 810 1187 183 
27 772 891 641 
28 391 887 842 
29 10 824 11 
30 54 55 33 
31 1020 1021 712 
32 1022 1267 712 
33 783 792 667 
34 648 817 647 
35 976 1084 1083 
36 324 993 328 
37 113 881 487 
38 254 784 257 
39 514 1029 722 
40 982 1267 1022 
41 1203 1312 913 
42 919 1154 903 
43 1001 1002 422 
44 39 986 823 
45 798 1064 159 
46 903 984 919 
47 391 1219 887 
48 915 1154 916 
49 881 1233 731 
50 795 1284 501 
51 1085 1096 381 
52 667 792 525 
53 39 824 10 
54 1021 1022 712 
55 1 787 786 
56 54 57 55 
57 969 1299 1126 
58 1093 1175 797 
59 878 1187 810 
60 793 797 660 
61 995 1285 741 
62 115 116 114 
63 423 1086 884 
64 870 1325 1308 
65 600 807 790 
66 686 971 970 
67 563 894 734 
68 913 1312 912 
69 548 949 948 
70 787 1227 786 
71 254 257 256 
72 381 1325 1085 
73 764 986 890 
74 809 858 283 
75 612 1304 791 
76 792 851 525 
77 1308 1325 1046 
78 791 1271 612 
79 117 1084 478 
80 627 853 626 
81 501 1302 795 
82 6 912 41 
83 115 117 116 
84 667 1135 783 
85 173 1080 831 
86 663 1147 884 
87 179 1260 1256 
88 986 1207 823 
89 897 899 898 
90 159 1317 798 
91 1063 1379 1018 
92 524 1299 1237 
93 741 996 995 
94 523 1298 796 
95 796 1302 523 
96 1280 1284 795 
97 1018 1314 1063 
98 952 1226 961 
99 765 1207 986 
100 480 881 113 
101 873 875 639 
102 1087 1099 885 
103 1259 1293 285 
104 1038 1156 822 
105 902 1356 963 
106 322 993 324 
107 963 1220 902 
108 1345 1379 872 
109 1061 1189 833 
110 916 1154 919 
111 445 945 839 
112 875 1045 639 
113 686 970 859 
114 819 1214 479 
115 215 930 217 
116 102 891 100 
117 815 1204 717 
118 328 993 359 
119 1108 1110 1109 
120 1126 1310 969 
121 837 877 876 
122 359 991 990 
123 660 1209 793 
124 1 785 47 
125 797 1175 862 
126 872 1379 1037 
127 359 993 991 
128 616 1191 917 
129 780 1343 999 
130 784 1185 440 
131 829 1227 680 
132 1256 1260 768 
133 549 949 548 
134 785 1264 47 
135 789 1349 646 
136 234 239 235 
137 764 890 828 
138 254 256 255 
139 853 1352 626 
140 1120 1266 1258 
141 1080 1193 831 
142 885 1099 222 
143 778 1293 1259 
144 34 1349 789 
145 654 1276 910 
146 914 1349 34 
147 235 1369 234 
148 55 56 33 
149 319 1269 800 
150 1015 1188 880 
151 897 898 896 
152 1083 1084 115 
153 961 1332 952 
154 639 891 873 
155 741 1285 709 
156 800 1339 319 
157 1276 1395 905 
158 563 1337 799 
159 982 1369 1267 
160 196 808 198 
161 680 830 829 
162 820 1385 444 
163 89 834 91 
164 283 1039 809 
165 1178 1299 969 
166 917 1327 616 
167 797 862 660 
168 890 986 39 
169 648 818 817 
170 881 1270 487 
171 824 1156 11 
172 231 1369 982 
173 646 933 789 
174 5 912 6 
175 717 889 815 
176 827 833 97 
177 933 1230 788 
178 42 1322 922 
179 1237 1299 742 
180 837 1296 877 
181 789 933 788 
182 719 1354 808 
183 100 891 639 
184 649 1376 855 
185 851 1101 852 
186 734 1135 667 
187 766 1125 767 
188 479 1278 819 
189 873 891 772 
190 2 1276 905 
191 780 999 781 
192 238 1175 1093 
193 422 1305 1000 
194 1091 1193 426 
195 807 1331 790 
196 855 1376 1346 
197 364 930 215 
198 1128 1206 730 
199 1241 1246 761 
200 822 1156 824 
201 893 1319 957 
202 825 1385 820 
203 833 1189 834 
204 945 1231 839 
205 444 1098 820 
206 79 772 80 
207 949 1380 948 
208 834 835 91 
209 514 1330 813 
210 25 920 24 
211 234 1369 231 
212 787 1355 1227 
213 798 1204 1064 
214 792 1101 851 
215 128 130 129 
216 887 1219 307 
217 128 129 126 
218 97 834 89 
219 1258 1266 687 
220 97 1065 827 
221 641 891 102 
222 437 955 491 
223 904 905 841 
224 843 856 44 
225 809 1039 936 
226 693 1297 1279 
227 906 908 549 
228 44 1156 1038 
229 973 975 482 
230 483 977 504 
231 915 916 46 
232 525 851 421 
233 79 80 72 
234 421 851 630 
235 435 958 428 
236 955 956 491 
237 852 1101 507 
238 129 1181 1169 
239 1108 1243 1110 
240 961 1226 495 
241 484 1327 918 
242 172 1188 1015 
243 917 1191 920 
244 9 54 33 
245 48 1154 915 
246 918 1223 484 
247 880 1188 879 
248 475 1385 825 
249 85 1065 87 
250 220 931 382 
251 627 854 853 
252 763 1312 1203 
253 1279 1297 1028 
254 1085 1325 870 
255 332 1282 999 
256 922 1322 773 
257 795 1302 796 
258 1002 1317 159 
259 566 992 692 
260 464 1196 935 
261 912 1312 41 
262 475 979 379 
263 957 1301 893 
264 620 1038 726 
265 800 1269 776 
266 1012 1345 1292 
267 931 932 382 
268 162 1027 179 
269 825 1320 475 
270 186 994 659 
271 576 1189 1061 
272 1205 1265 128 
273 355 937 354 
274 858 1335 283 
275 975 977 482 
276 307 1396 887 
277 808 1243 719 
278 400 947 570 
279 650 985 953 
280 646 1349 773 
281 1303 1326 1131 
282 832 1368 702 
283 679 830 680 
284 257 258 256 
285 26 915 46 
286 79 874 873 
287 461 973 482 
288 811 1321 878 
289 1169 1181 749 
290 480 1364 1233 
291 600 1348 807 
292 428 958 516 
293 833 834 97 
294 956 957 491 
295 117 118 116 
296 1126 1299 524 
297 44 1038 843 
298 9 33 8 
299 896 898 29 
300 658 1131 1006 
301 816 1304 511 
302 353 981 360 
303 930 931 217 
304 405 1388 1386 
305 1171 1309 519 
306 897 900 899 
307 858 1185 784 
308 300 1052 304 
309 99 1111 1065 
310 331 1218 1082 
311 970 971 569 
312 1001 1317 1002 
313 46 920 25 
314 401 944 207 
315 1027 1260 179 
316 482 977 483 
317 767 1193 1091 
318 882 1166 361 
319 978 979 475 
320 24 845 32 
321 777 1374 1019 
322 947 948 570 
323 426 1193 1080 
324 903 1220 984 
325 734 1273 1135 
326 439 955 437 
327 857 1111 99 
328 1085 1238 1096 
329 826 1175 238 
330 294 1009 292 
331 714 1257 541 
332 1216 1232 633 
333 999 1343 355 
334 815 1368 1204 
335 988 989 736 
336 1043 1137 880 
337 239 240 235 
338 234 559 239 
339 993 1253 991 
340 998 1222 565 
341 182 946 447 
342 249 964 246 
343 809 936 607 
344 205 1004 582 
345 35 1342 814 
346 55 60 56 
347 1065 1111 827 
348 788 1355 787 
349 171 1004 205 
350 654 910 838 
351 301 1052 300 
352 164 1027 162 
353 1125 1318 767 
354 936 1039 681 
355 221 1246 1241 
356 851 852 630 
357 1253 1389 991 
358 442 1383 807 
359 379 979 378 
360 801 862 685 
361 459 970 569 
362 1292 1345 872 
363 240 242 241 
364 690 992 566 
365 188 994 186 
366 1269 1370 776 
367 87 1065 97 
368 648 819 818 
369 569 973 461 
370 56 926 925 
371 726 1038 822 
372 367 947 400 
373 504 977 576 
374 23 921 49 
375 807 1383 1104 
376 677 1139 1010 
377 238 1099 826 
378 116 1398 114 
379 99 1065 85 
380 240 1153 243 
381 994 1150 659 
382 874 875 873 
383 771 1265 1205 
384 776 1171 519 
385 843 1038 620 
386 845 892 32 
387 306 1047 308 
388 702 1252 832 
389 683 1262 1249 
390 56 925 33 
391 75 1048 598 
392 671 1143 1040 
393 240 241 235 
394 356 981 353 
395 382 932 433 
396 1103 1393 746 
397 79 873 772 
398 772 806 80 
399 131 1003 125 
400 1084 1132 478 
401 877 1296 707 
402 1033 1110 218 
403 511 1365 816 
404 537 988 736 
405 1153 1211 243 
406 130 160 129 
407 817 954 80 
408 911 1254 913 
409 408 888 886 
410 908 949 549 
411 448 1043 880 
412 650 1014 985 
413 916 917 46 
414 246 964 245 
415 491 958 435 
416 17 31 16 
417 405 1378 404 
418 783 1354 719 
419 935 1196 936 
420 410 965 964 
421 677 1010 436 
422 987 997 732 
423 1006 1131 410 
424 1025 1069 282 
425 255 1251 583 
426 775 1326 1303 
427 985 1014 411 
428 953 985 526 
429 493 1009 294 
430 911 912 5 
431 658 1006 268 
432 405 1386 907 
433 861 1342 5 
434 906 1395 908 
435 183 1340 810 
436 417 889 717 
437 735 1068 1049 
438 671 1040 185 
439 1049 1068 299 
440 239 1153 240 
441 793 1209 794 
442 839 946 445 
443 17 996 31 
444 312 1047 306 
445 257 259 258 
446 901 1264 757 
447 118 120 116 
448 117 119 118 
449 826 1099 1087 
450 384 997 987 
451 1178 1289 742 
452 900 902 899 
453 24 32 25 
454 410 964 249 
455 971 972 569 
456 345 1075 369 
457 672 1024 573 
458 194 1033 218 
459 632 1198 782 
460 119 1036 118 
461 68 1048 75 
462 640 989 988 
463 217 931 220 
464 559 560 239 
465 50 928 847 
466 51 929 58 
467 175 1137 1043 
468 125 1003 122 
469 151 1079 155 
470 55 63 60 
471 60 61 56 
472 53 1011 969 
473 178 959 176 
474 584 1379 1063 
475 38 1018 1017 
476 240 243 242 
477 819 860 818 
478 884 1147 759 
479 1150 1213 659 
480 304 1052 418 
481 1019 1316 777 
482 287 1025 282 
483 886 1396 408 
484 928 1056 847 
485 929 1059 58 
486 44 856 13 
487 441 1003 131 
488 118 1036 121 
489 99 1097 857 
490 417 938 889 
491 806 817 80 
492 900 941 940 
493 932 1197 433 
494 1029 1290 722 
495 130 161 160 
496 917 920 46 
497 916 918 917 
498 835 1062 91 
499 735 1049 296 
500 570 948 744 
501 488 1077 333 
502 911 913 912 
503 259 260 258 
504 257 440 259 
505 940 941 543 
506 532 1050 156 
507 118 121 120 
508 117 478 119 
509 920 921 24 
510 1010 1139 587 
511 18 996 17 
512 902 903 899 
513 972 973 569 
514 38 1017 16 
515 426 1080 143 
516 308 1047 381 
517 559 561 560 
518 60 67 61 
519 61 926 56 
520 407 987 732 
521 243 244 242 
522 347 1075 345 
523 256 1251 255 
524 150 1051 158 
525 883 1166 882 
526 410 1131 965 
527 161 162 160 
528 130 183 161 
529 916 919 918 
530 895 1290 1274 
531 260 261 258 
532 440 492 259 
533 121 122 120 
534 478 530 119 
535 972 974 973 
536 1020 1351 1021 
537 561 562 560 
538 67 71 61 
539 244 245 242 
540 162 179 160 
541 161 163 162 
542 168 1023 174 
543 260 262 261 
544 440 777 492 
545 122 633 120 
546 974 975 973 
547 972 976 974 
548 530 613 119 
549 923 924 42 
550 562 715 560 
551 244 246 245 
552 561 609 562 
553 67 72 71 
554 963 1356 454 
555 710 741 709 
556 163 164 162 
557 708 709 707 
558 260 263 262 
559 619 844 843 
560 603 604 602 
561 508 584 546 
562 710 742 741 
563 75 598 77 
564 23 49 22 
565 844 856 843 
566 122 1003 633 
567 865 867 866 
568 849 865 864 
569 67 79 72 
570 706 707 605 
571 262 264 261 
572 604 837 836 
573 869 872 871 
574 708 710 709 
575 22 50 23 
576 603 605 604 
577 867 869 868 
578 20 36 21 
579 795 796 625 
580 26 46 25 
581 443 444 431 
582 706 708 707 
583 67 874 79 
584 530 614 613 
585 575 602 574 
586 389 472 466 
587 430 443 431 
588 865 866 864 
589 23 845 24 
590 443 625 444 
591 244 247 246 
592 561 754 609 
593 430 431 379 
594 310 389 311 
595 504 574 503 
596 575 603 602 
597 9 39 10 
598 389 466 390 
599 75 77 76 
600 604 836 602 
601 466 508 489 
602 653 765 764 
603 483 504 503 
604 508 546 523 
605 6 41 7 
606 11 51 10 
607 504 575 574 
608 10 54 9 
609 867 868 866 
610 308 310 309 
611 21 876 20 
612 305 430 379 
613 308 381 310 
614 77 524 78 
615 250 252 251 
616 252 254 253 
617 248 250 249 
618 427 429 419 
619 290 477 296 
620 247 248 246 
621 796 1098 625 
622 26 42 27 
623 7 43 6 
624 482 483 462 
625 653 764 762 
626 304 306 302 
627 760 795 625 
628 68 75 70 
629 281 688 286 
630 62 666 65 
631 869 871 868 
632 483 503 484 
633 20 45 19 
634 306 307 302 
635 289 295 288 
636 28 48 27 
637 580 617 538 
638 849 864 863 
639 248 249 246 
640 306 308 307 
641 300 302 295 
642 285 288 284 
643 477 580 538 
644 12 44 13 
645 651 653 652 
646 250 251 249 
647 595 623 580 
648 554 681 678 
649 190 415 192 
650 252 253 251 
651 465 587 486 
652 477 538 296 
653 981 1032 360 
654 254 255 253 
655 842 886 623 
656 278 284 277 
657 587 701 588 
658 842 887 886 
659 718 842 623 
660 385 387 386 
661 192 194 193 
662 295 391 288 
663 72 73 71 
664 155 1079 529 
665 461 482 462 
666 701 778 758 
667 190 192 191 
668 3 40 4 
669 587 588 486 
670 269 271 270 
671 290 296 291 
672 453 456 455 
673 456 457 455 
674 263 266 265 
675 385 386 384 
676 453 455 454 
677 1 47 30 
678 276 277 271 
679 546 619 547 
680 459 461 460 
681 701 758 588 
682 615 704 657 
683 387 479 388 
684 449 536 451 
685 248 283 250 
686 537 615 539 
687 13 37 12 
688 383 385 384 
689 465 486 485 
690 4 35 3 
691 29 34 30 
692 374 407 406 
693 387 388 386 
694 310 311 309 
695 286 290 287 
696 505 537 515 
697 615 657 539 
698 700 750 640 
699 451 453 452 
700 477 595 580 
701 263 265 262 
702 537 539 515 
703 595 718 623 
704 383 384 375 
705 461 462 460 
706 505 515 399 
707 305 379 378 
708 412 651 520 
709 456 859 457 
710 194 196 195 
711 284 533 277 
712 151 153 152 
713 151 155 153 
714 459 569 461 
715 517 683 432 
716 574 616 503 
717 252 784 254 
718 758 884 759 
719 220 374 219 
720 266 1086 269 
721 163 165 164 
722 269 276 271 
723 443 760 625 
724 407 597 406 
725 438 465 463 
726 705 706 605 
727 266 269 267 
728 388 938 417 
729 407 606 597 
730 281 286 282 
731 220 375 374 
732 62 65 64 
733 374 406 219 
734 149 151 150 
735 2 904 3 
736 389 390 311 
737 657 813 716 
738 535 747 528 
739 732 733 606 
740 571 640 506 
741 628 761 629 
742 263 663 266 
743 83 99 85 
744 661 730 729 
745 510 612 611 
746 299 305 303 
747 400 505 399 
748 187 190 189 
749 606 723 597 
750 457 459 458 
751 756 839 757 
752 695 698 696 
753 87 97 89 
754 628 629 573 
755 572 628 573 
756 414 577 557 
757 371 414 397 
758 566 692 564 
759 147 149 148 
760 371 397 370 
761 695 696 694 
762 388 417 416 
763 414 557 397 
764 673 695 694 
765 394 511 510 
766 572 573 476 
767 407 732 606 
768 431 475 379 
769 578 855 577 
770 233 371 370 
771 754 756 755 
772 498 590 497 
773 449 451 450 
774 459 460 458 
775 194 218 196 
776 754 755 609 
777 392 497 313 
778 327 333 325 
779 596 719 590 
780 449 879 536 
781 233 370 232 
782 181 448 446 
783 308 309 307 
784 557 660 558 
785 30 787 1 
786 323 593 321 
787 217 219 210 
788 226 656 200 
789 537 736 615 
790 236 402 224 
791 392 498 497 
792 498 596 590 
793 230 232 228 
794 764 828 762 
795 502 572 476 
796 448 449 446 
797 551 637 522 
798 596 783 719 
799 669 769 668 
800 110 661 579 
801 551 638 637 
802 385 495 387 
803 907 1378 405 
804 486 601 485 
805 571 700 640 
806 192 193 191 
807 230 233 232 
808 264 393 261 
809 217 220 219 
810 394 510 398 
811 629 673 672 
812 417 717 624 
813 510 611 398 
814 698 699 696 
815 35 910 3 
816 396 476 377 
817 685 826 621 
818 466 489 390 
819 673 694 693 
820 194 195 193 
821 145 147 146 
822 457 458 455 
823 434 677 436 
824 530 686 614 
825 698 727 699 
826 590 670 497 
827 317 592 315 
828 453 454 452 
829 367 399 356 
830 531 668 488 
831 370 409 232 
832 563 667 525 
833 653 762 652 
834 337 488 333 
835 414 578 577 
836 657 716 539 
837 471 517 432 
838 719 1108 590 
839 358 373 366 
840 373 469 421 
841 483 484 462 
842 469 525 421 
843 752 771 613 
844 216 643 473 
845 695 746 698 
846 327 334 333 
847 748 853 441 
848 205 377 170 
849 628 885 761 
850 433 961 383 
851 556 832 481 
852 208 644 206 
853 758 759 588 
854 145 173 147 
855 274 281 279 
856 465 485 463 
857 557 558 397 
858 614 752 613 
859 388 416 386 
860 373 421 366 
861 618 774 517 
862 531 669 668 
863 756 757 755 
864 334 337 333 
865 469 563 525 
866 337 531 488 
867 696 697 694 
868 661 729 579 
869 229 230 228 
870 314 392 313 
871 619 843 620 
872 727 831 699 
873 168 174 166 
874 403 642 405 
875 373 591 469 
876 353 360 335 
877 417 624 416 
878 508 523 489 
879 190 191 189 
880 723 745 597 
881 196 197 195 
882 382 383 375 
883 133 748 441 
884 502 621 572 
885 563 734 667 
886 654 724 638 
887 717 798 624 
888 629 672 573 
889 400 506 505 
890 139 481 137 
891 326 327 325 
892 451 452 450 
893 678 682 679 
894 651 652 520 
895 227 228 226 
896 113 487 95 
897 673 693 672 
898 396 502 476 
899 646 689 645 
900 490 1044 106 
901 293 299 297 
902 504 576 575 
903 324 325 323 
904 255 583 268 
905 62 64 59 
906 586 687 649 
907 780 781 691 
908 155 156 153 
909 237 313 236 
910 392 507 498 
911 141 426 143 
912 634 636 535 
913 596 792 783 
914 334 338 337 
915 154 671 185 
916 205 396 377 
917 608 858 809 
918 322 323 321 
919 229 231 230 
920 340 341 338 
921 203 226 200 
922 367 400 399 
923 251 410 249 
924 567 690 566 
925 345 369 343 
926 133 441 131 
927 218 808 196 
928 358 366 365 
929 394 1166 511 
930 329 1081 326 
931 75 76 70 
932 380 586 512 
933 320 321 319 
934 139 556 481 
935 285 289 288 
936 622 685 621 
937 350 358 351 
938 610 647 490 
939 766 767 676 
940 227 229 228 
941 352 432 347 
942 110 579 111 
943 729 881 731 
944 738 739 669 
945 225 236 224 
946 318 319 317 
947 143 145 144 
948 334 339 338 
949 103 470 105 
950 255 268 253 
951 339 340 338 
952 540 627 626 
953 136 137 134 
954 722 894 799 
955 107 110 109 
956 165 166 164 
957 339 363 340 
958 73 568 542 
959 421 630 366 
960 409 960 232 
961 346 350 348 
962 500 513 363 
963 534 535 528 
964 147 148 146 
965 565 566 564 
966 675 749 713 
967 531 738 669 
968 203 227 226 
969 340 342 341 
970 169 170 168 
971 514 721 513 
972 237 314 313 
973 278 285 284 
974 141 143 142 
975 538 735 296 
976 276 278 277 
977 601 608 607 
978 110 111 109 
979 181 446 445 
980 471 618 517 
981 153 154 152 
982 182 200 178 
983 135 136 134 
984 114 480 113 
985 449 450 446 
986 304 312 306 
987 223 224 214 
988 138 141 140 
989 500 514 513 
990 342 343 341 
991 42 922 27 
992 722 799 721 
993 171 205 170 
994 414 1021 578 
995 149 150 148 
996 151 152 150 
997 352 471 432 
998 494 564 493 
999 586 649 512 
1000 140 1064 139 
1001 112 114 113 
1002 622 801 685 
1003 111 124 109 
1004 755 1264 785 
1005 132 134 133 
1006 358 365 351 
1007 316 317 315 
1008 600 790 770 
1009 570 571 506 
1010 324 326 325 
1011 112 113 95 
1012 729 731 579 
1013 502 622 621 
1014 546 547 523 
1015 145 146 144 
1016 225 237 236 
1017 142 159 140 
1018 138 139 137 
1019 167 168 166 
1020 143 144 142 
1021 509 664 372 
1022 136 138 137 
1023 342 684 344 
1024 552 645 467 
1025 124 1066 109 
1026 141 142 140 
1027 111 540 124 
1028 514 722 721 
1029 322 324 323 
1030 92 93 90 
1031 618 775 774 
1032 177 181 180 
1033 793 794 425 
1034 264 518 395 
1035 229 234 231 
1036 207 208 206 
1037 107 109 108 
1038 132 135 134 
1039 320 322 321 
1040 138 140 139 
1041 350 351 348 
1042 182 203 200 
1043 202 532 156 
1044 342 344 343 
1045 305 378 303 
1046 318 320 319 
1047 424 425 314 
1048 527 528 526 
1049 86 98 84 
1050 822 824 823 
1051 135 674 136 
1052 163 172 165 
1053 205 582 396 
1054 554 678 555 
1055 146 422 144 
1056 146 1055 422 
1057 583 600 599 
1058 442 751 393 
1059 266 267 265 
1060 726 822 821 
1061 155 157 156 
1062 567 691 690 
1063 398 712 362 
1064 298 493 294 
1065 299 303 297 
1066 289 300 295 
1067 716 1032 539 
1068 745 1016 597 
1069 713 766 676 
1070 215 217 210 
1071 280 315 275 
1072 372 1090 351 
1073 424 797 793 
1074 264 395 393 
1075 540 626 581 
1076 211 221 213 
1077 499 500 363 
1078 15 38 16 
1079 227 950 229 
1080 540 581 124 
1081 603 705 605 
1082 220 382 375 
1083 713 768 766 
1084 169 171 170 
1085 339 499 363 
1086 571 1145 700 
1087 281 282 279 
1088 316 318 317 
1089 290 291 287 
1090 108 490 106 
1091 237 424 314 
1092 223 225 224 
1093 502 1041 622 
1094 473 711 474 
1095 581 662 124 
1096 209 210 208 
1097 157 202 156 
1098 395 442 393 
1099 135 675 674 
1100 675 676 674 
1101 622 802 801 
1102 565 567 566 
1103 785 786 609 
1104 654 838 724 
1105 380 512 509 
1106 300 304 302 
1107 225 1093 237 
1108 534 634 535 
1109 534 943 635 
1110 675 713 676 
1111 424 793 425 
1112 167 169 168 
1113 271 272 270 
1114 204 401 207 
1115 286 287 282 
1116 204 206 188 
1117 344 345 343 
1118 155 529 157 
1119 447 942 203 
1120 847 849 848 
1121 518 720 519 
1122 866 870 864 
1123 181 445 180 
1124 442 807 751 
1125 720 800 776 
1126 365 380 372 
1127 518 519 395 
1128 499 737 594 
1129 460 496 458 
1130 58 62 59 
1131 328 359 330 
1132 720 776 519 
1133 365 372 351 
1134 107 108 106 
1135 344 346 345 
1136 635 805 804 
1137 346 348 347 
1138 512 740 509 
1139 187 189 188 
1140 702 703 662 
1141 182 447 203 
1142 94 112 95 
1143 65 66 64 
1144 216 473 364 
1145 753 810 752 
1146 600 770 599 
1147 165 167 166 
1148 494 565 564 
1149 108 544 490 
1150 357 367 356 
1151 404 548 368 
1152 815 889 703 
1153 180 182 178 
1154 811 878 810 
1155 269 270 267 
1156 185 187 186 
1157 570 744 571 
1158 380 509 372 
1159 400 570 506 
1160 551 654 638 
1161 581 702 662 
1162 702 815 703 
1163 336 355 354 
1164 177 178 176 
1165 753 812 811 
1166 223 238 225 
1167 175 176 171 
1168 610 648 647 
1169 318 376 320 
1170 211 212 202 
1171 544 610 490 
1172 157 211 202 
1173 112 1083 115 
1174 614 753 752 
1175 354 356 353 
1176 169 175 171 
1177 450 945 446 
1178 222 223 214 
1179 471 791 618 
1180 336 353 335 
1181 678 679 555 
1182 204 207 206 
1183 583 599 268 
1184 280 316 315 
1185 521 526 413 
1186 527 534 528 
1187 213 214 212 
1188 346 347 345 
1189 186 659 184 
1190 298 494 493 
1191 755 785 609 
1192 499 594 500 
1193 328 329 326 
1194 332 335 331 
1195 348 352 347 
1196 601 607 485 
1197 154 185 184 
1198 177 180 178 
1199 779 780 691 
1200 438 463 439 
1201 550 551 522 
1202 175 177 176 
1203 849 863 848 
1204 94 95 93 
1205 330 331 329 
1206 646 773 689 
1207 544 728 610 
1208 585 1060 316 
1209 222 1099 223 
1210 382 433 383 
1211 705 827 706 
1212 737 743 594 
1213 403 405 404 
1214 474 522 364 
1215 280 585 316 
1216 211 213 212 
1217 193 655 191 
1218 213 222 214 
1219 172 1015 165 
1220 357 403 368 
1221 608 809 607 
1222 112 115 114 
1223 105 107 106 
1224 324 328 326 
1225 468 554 553 
1226 454 940 452 
1227 197 201 195 
1228 452 543 450 
1229 91 92 90 
1230 65 68 66 
1231 635 803 634 
1232 394 398 362 
1233 207 209 208 
1234 567 779 691 
1235 618 816 775 
1236 189 204 188 
1237 552 646 645 
1238 412 520 413 
1239 150 158 148 
1240 298 650 494 
1241 209 216 215 
1242 436 438 437 
1243 753 811 810 
1244 92 94 93 
1245 473 474 364 
1246 68 70 69 
1247 187 188 186 
1248 357 368 367 
1249 89 90 88 
1250 840 841 804 
1251 521 527 526 
1252 404 549 548 
1253 336 354 353 
1254 332 336 335 
1255 650 998 494 
1256 354 357 356 
1257 330 332 331 
1258 328 330 329 
1259 77 78 76 
1260 272 274 273 
1261 276 423 278 
1262 534 635 634 
1263 805 840 804 
1264 293 297 294 
1265 69 81 74 
1266 274 275 273 
1267 279 280 275 
1268 132 133 131 
1269 185 186 184 
1270 521 545 527 
1271 216 364 215 
1272 474 550 522 
1273 104 641 102 
1274 420 427 419 
1275 378 412 411 
1276 105 106 104 
1277 297 298 294 
1278 403 404 368 
1279 209 215 210 
1280 635 804 803 
1281 274 279 275 
1282 303 1014 297 
1283 87 88 86 
1284 81 100 74 
1285 679 680 555 
1286 81 589 101 
1287 267 665 265 
1288 282 1069 279 
1289 434 436 435 
1290 520 521 413 
1291 154 184 152 
1292 92 96 94 
1293 201 1030 195 
1294 91 1062 92 
1295 293 294 292 
1296 652 962 520 
1297 496 963 458 
1298 762 763 652 
1299 89 91 90 
1300 412 413 411 
1301 291 293 292 
1302 599 658 268 
1303 87 89 88 
1304 68 69 66 
1305 74 1045 66 
1306 378 411 303 
1307 554 555 553 
1308 15 53 14 
1309 272 273 270 
1310 708 857 710 
1311 418 419 312 
1312 463 464 439 
1313 428 516 427 
1314 85 86 84 
1315 103 105 104 
1316 438 439 437 
1317 782 814 631 
1318 437 491 435 
1319 311 408 309 
1320 484 983 462 
1321 85 87 86 
1322 436 437 435 
1323 73 541 71 
1324 420 434 428 
1325 464 467 439 
1326 553 933 552 
1327 468 552 467 
1328 18 52 19 
1329 81 101 100 
1330 836 1031 602 
1331 291 292 287 
1332 420 428 427 
1333 464 468 467 
1334 468 553 552 
1335 83 84 82 
1336 434 435 428 
1337 289 301 300 
1338 83 85 84 
1339 619 620 547 
1340 100 639 74 
1341 73 542 541 
1342 69 74 66 
1343 631 714 541 
1344 542 632 631 
1345 822 823 821 
1346 418 420 419 
1347 304 418 312 
1348 632 782 631 
1349 705 833 827 
1350 78 83 82 
1351 103 104 102 
1352 542 631 541 
1353 489 501 390 
1354 78 82 76 
1355 101 102 100 
1356 101 103 102 
1357 863 1042 848 
1358 726 821 820 
1359 821 825 820 
1360 620 725 547 
1361 620 726 725 
1362 726 820 725 
1363 361 394 362 
1364 127 132 131 
1365 848 850 846 
1366 990 1282 359 
1367 58 59 57 
1368 847 848 846 
1369 655 1013 191 
1370 1040 1143 415 
1371 722 1290 894 
1372 127 131 125 
1373 361 362 349 
1374 1133 1147 663 
1375 51 58 57 
1376 50 847 846 
1377 1026 1028 1027 
1378 887 1396 886 
1379 702 1368 815 
1380 846 892 845 
1381 53 969 968 
1382 952 1198 632 
1383 126 127 125 
1384 123 128 126 
1385 893 1183 892 
1386 814 1336 35 
1387 241 361 349 
1388 3 904 40 
1389 34 787 30 
1390 3 910 2 
1391 88 1071 86 
1392 31 1011 16 
1393 27 922 28 
1394 149 1079 151 
1395 129 1169 126 
1396 406 980 219 
1397 310 1096 389 
1398 50 845 23 
1399 51 54 10 
1400 990 991 690 
1401 132 1092 135 
1402 531 1089 738 
1403 935 936 681 
1404 1214 1329 479 
1405 20 876 45 
1406 757 1264 755 
1407 1018 1379 1345 
1408 609 786 562 
1409 635 943 805 
1410 86 1071 98 
1411 1026 1027 164 
1412 631 814 714 
1413 51 57 54 
1414 50 846 845 
1415 552 933 646 
1416 527 943 534 
1417 203 942 227 
1418 452 940 543 
1419 543 945 450 
1420 446 945 445 
1421 672 1164 1024 
1422 1026 1279 1028 
1423 229 950 234 
1424 383 961 385 
1425 1070 1072 1071 
1426 894 895 734 
1427 448 879 449 
1428 152 1051 150 
1429 744 1145 571 
1430 850 892 846 
1431 763 962 652 
1432 520 962 521 
1433 458 963 455 
1434 232 960 228 
1435 1015 1137 167 
1436 462 983 460 
1437 98 1100 84 
1438 488 1155 1077 
1439 479 938 388 
1440 361 1166 394 
1441 60 874 67 
1442 951 952 632 
1443 597 1016 406 
1444 731 1107 579 
1445 53 968 967 
1446 494 998 565 
1447 1206 1270 730 
1448 995 996 18 
1449 876 877 45 
1450 141 1116 426 
1451 219 980 210 
1452 539 1032 515 
1453 36 1056 928 
1454 411 1014 303 
1455 37 1059 929 
1456 739 1104 669 
1457 688 1117 286 
1458 630 1073 366 
1459 943 1141 805 
1460 297 1014 298 
1461 165 1015 167 
1462 191 1013 189 
1463 848 1042 850 
1464 814 861 714 
1465 602 1031 574 
1466 371 1021 414 
1467 245 964 883 
1468 123 126 125 
1469 740 1122 509 
1470 647 1044 490 
1471 195 1030 193 
1472 373 1106 591 
1473 331 1082 329 
1474 976 1132 1084 
1475 622 1041 802 
1476 850 893 892 
1477 396 1041 502 
1478 448 880 879 
1479 106 1044 104 
1480 629 1118 673 
1481 991 992 690 
1482 639 1045 74 
1483 791 816 618 
1484 241 349 235 
1485 66 1045 64 
1486 326 1081 327 
1487 625 1098 444 
1488 148 1055 146 
1489 109 1066 108 
1490 662 1066 124 
1491 316 1060 318 
1492 159 1064 140 
1493 92 1062 96 
1494 275 1076 273 
1495 513 1119 363 
1496 139 1064 556 
1497 664 1090 372 
1498 94 1083 112 
1499 686 1300 971 
1500 279 1069 280 
1501 663 1086 266 
1502 746 1323 1103 
1503 351 1090 348 
1504 269 1086 276 
1505 238 1093 225 
1506 223 1099 238 
1507 237 1093 424 
1508 590 1108 670 
1509 1274 1290 704 
1510 1100 1148 82 
1511 1046 1047 312 
1512 481 1123 137 
1513 327 1074 334 
1514 1076 1088 273 
1515 176 1004 171 
1516 337 1089 531 
1517 281 1124 688 
1518 1053 1054 470 
1519 329 1082 1081 
1520 1041 1168 802 
1521 211 1102 221 
1522 381 1096 310 
1523 693 1164 672 
1524 70 1057 69 
1525 389 1096 472 
1526 839 1231 757 
1527 1072 1128 1127 
1528 705 1061 833 
1529 665 1121 265 
1530 127 1092 132 
1531 135 1092 675 
1532 105 1094 107 
1533 509 1122 664 
1534 49 1315 836 
1535 172 1187 878 
1536 1053 1170 1054 
1537 425 1120 314 
1538 258 1142 256 
1539 827 1111 706 
1540 761 1118 629 
1541 84 1100 82 
1542 673 1118 695 
1543 334 1074 339 
1544 533 1115 277 
1545 669 1104 769 
1546 96 1347 976 
1547 358 1106 373 
1548 142 1002 159 
1549 603 1061 705 
1550 210 980 208 
1551 545 943 527 
1552 470 1094 105 
1553 621 1087 572 
1554 942 950 227 
1555 942 1179 950 
1556 107 1094 110 
1557 363 1119 340 
1558 1108 1109 670 
1559 402 1114 1113 
1560 706 1111 708 
1561 826 1087 621 
1562 385 961 495 
1563 572 1087 628 
1564 769 1309 1171 
1565 918 1327 917 
1566 521 962 545 
1567 1070 1071 88 
1568 455 963 454 
1569 228 960 226 
1570 670 1112 497 
1571 277 1115 271 
1572 1091 1116 674 
1573 1072 1127 1071 
1574 1077 1155 593 
1575 983 984 496 
1576 624 1176 416 
1577 460 983 496 
1578 1110 1357 1109 
1579 786 1227 829 
1580 791 1304 816 
1581 83 1097 99 
1582 661 1134 730 
1583 1367 1377 818 
1584 628 1087 885 
1585 284 1095 533 
1586 497 1112 313 
1587 1280 1363 1284 
1588 208 980 644 
1589 575 1061 603 
1590 576 1061 575 
1591 77 1126 524 
1592 598 1126 77 
1593 406 1016 980 
1594 495 1226 860 
1595 15 1011 53 
1596 18 1012 52 
1597 1008 1009 493 
1598 1286 1389 376 
1599 214 1113 212 
1600 1009 1025 292 
1601 189 1013 204 
1602 19 995 18 
1603 288 1095 284 
1604 267 1088 665 
1605 110 1094 661 
1606 273 1088 270 
1607 270 1088 267 
1608 492 1133 259 
1609 298 1014 650 
1610 224 1113 214 
1611 1057 1058 589 
1612 336 999 355 
1613 402 1113 224 
1614 574 1031 616 
1615 878 1321 1188 
1616 708 1111 857 
1617 226 960 656 
1618 339 1074 499 
1619 391 1095 288 
1620 463 1196 464 
1621 193 1030 655 
1622 676 1091 674 
1623 346 1105 350 
1624 607 1196 485 
1625 69 1057 81 
1626 684 1105 344 
1627 313 1112 236 
1628 765 986 764 
1629 582 1041 396 
1630 78 1097 83 
1631 872 1037 871 
1632 854 1232 1216 
1633 767 1091 676 
1634 703 1152 662 
1635 271 1115 272 
1636 63 875 874 
1637 964 965 883 
1638 814 1342 861 
1639 104 1044 641 
1640 1057 1148 1058 
1641 727 1393 1138 
1642 344 1105 346 
1643 236 1112 402 
1644 202 1129 532 
1645 16 1017 17 
1646 409 1151 960 
1647 384 987 375 
1648 695 1118 746 
1649 340 1119 342 
1650 524 1097 78 
1651 374 987 407 
1652 596 1101 792 
1653 184 1051 152 
1654 507 1101 498 
1655 108 1066 544 
1656 204 1013 401 
1657 499 1074 737 
1658 263 1133 663 
1659 158 1055 148 
1660 696 1125 697 
1661 265 1121 262 
1662 264 1121 518 
1663 170 1023 168 
1664 1052 1180 1007 
1665 259 1133 260 
1666 878 1188 172 
1667 1071 1127 98 
1668 803 1228 634 
1669 314 1120 392 
1670 350 1106 358 
1671 318 1060 376 
1672 20 966 36 
1673 13 967 37 
1674 529 1103 1102 
1675 338 1089 337 
1676 1056 1173 865 
1677 81 1057 589 
1678 52 966 19 
1679 53 967 14 
1680 274 1124 281 
1681 701 1202 778 
1682 1004 1149 582 
1683 157 1102 211 
1684 212 1129 202 
1685 688 1157 1117 
1686 96 1083 94 
1687 443 1067 760 
1688 315 1076 275 
1689 280 1069 585 
1690 286 1117 290 
1691 137 1123 134 
1692 133 1123 748 
1693 859 1242 686 
1694 675 1092 749 
1695 477 1117 595 
1696 123 125 122 
1697 245 883 882 
1698 1078 1079 149 
1699 90 1070 88 
1700 424 1093 797 
1701 342 1119 684 
1702 348 1090 352 
1703 276 1086 423 
1704 332 999 336 
1705 16 1011 15 
1706 17 1012 18 
1707 579 1107 111 
1708 619 1063 844 
1709 481 1167 1123 
1710 540 1107 627 
1711 849 1056 865 
1712 62 1059 666 
1713 138 1116 141 
1714 608 1185 858 
1715 584 1063 546 
1716 680 1230 555 
1717 553 1230 933 
1718 498 1101 596 
1719 380 1073 586 
1720 674 1116 136 
1721 167 1137 169 
1722 366 1073 365 
1723 1007 1180 677 
1724 492 1147 1133 
1725 327 1081 1074 
1726 45 995 19 
1727 699 1125 696 
1728 589 1170 1053 
1729 485 1196 463 
1730 386 997 384 
1731 200 959 178 
1732 542 951 632 
1733 299 1068 305 
1734 876 1244 837 
1735 11 1156 12 
1736 262 1121 264 
1737 665 1161 1121 
1738 147 1078 149 
1739 260 1133 263 
1740 1094 1134 661 
1741 22 928 50 
1742 957 958 491 
1743 11 929 51 
1744 392 1120 507 
1745 1113 1129 212 
1746 36 928 21 
1747 37 929 12 
1748 369 1163 343 
1749 545 1141 943 
1750 866 1085 870 
1751 292 1025 287 
1752 471 1159 791 
1753 532 1158 1050 
1754 261 1142 258 
1755 751 1142 393 
1756 341 1089 338 
1757 659 1051 184 
1758 241 882 361 
1759 1109 1140 670 
1760 272 1124 274 
1761 529 1102 157 
1762 813 1200 716 
1763 63 874 60 
1764 1145 1146 700 
1765 1079 1138 529 
1766 293 1049 299 
1767 134 1123 133 
1768 432 1075 347 
1769 662 1152 1066 
1770 24 921 23 
1771 296 1049 291 
1772 592 1076 315 
1773 154 1050 671 
1774 143 1080 145 
1775 487 1165 95 
1776 9 890 39 
1777 1025 1130 1069 
1778 156 1050 153 
1779 408 1174 888 
1780 831 1306 173 
1781 375 987 374 
1782 1117 1157 595 
1783 333 1077 325 
1784 323 1077 593 
1785 1078 1138 1079 
1786 290 1117 477 
1787 377 1023 170 
1788 93 1070 90 
1789 1249 1262 770 
1790 959 1004 176 
1791 70 1148 1057 
1792 103 1053 470 
1793 589 1053 101 
1794 513 1160 1119 
1795 120 1136 116 
1796 1105 1106 350 
1797 57 1358 55 
1798 615 1035 704 
1799 430 1067 443 
1800 398 1020 712 
1801 301 1180 1052 
1802 111 1107 540 
1803 1003 1216 633 
1804 136 1116 138 
1805 1069 1130 585 
1806 805 1254 840 
1807 82 1148 76 
1808 546 1063 619 
1809 365 1073 380 
1810 865 1173 867 
1811 371 1022 1021 
1812 1143 1144 1034 
1813 529 1138 1103 
1814 486 1019 601 
1815 634 1228 636 
1816 1115 1124 272 
1817 670 1140 1112 
1818 65 1048 68 
1819 192 1033 194 
1820 401 1394 944 
1821 759 1019 588 
1822 657 1029 813 
1823 573 1024 476 
1824 750 989 640 
1825 419 1046 312 
1826 1123 1167 748 
1827 847 1056 849 
1828 19 966 20 
1829 14 967 13 
1830 58 1059 62 
1831 1195 1350 456 
1832 1070 1165 1072 
1833 370 1005 409 
1834 613 1036 119 
1835 892 1183 32 
1836 436 1010 438 
1837 465 1010 587 
1838 558 1005 397 
1839 885 1241 761 
1840 185 1040 187 
1841 426 1116 1091 
1842 501 1174 390 
1843 190 1040 415 
1844 311 1174 408 
1845 1110 1243 218 
1846 251 1006 410 
1847 180 946 182 
1848 343 1163 341 
1849 268 1006 253 
1850 173 1078 147 
1851 1121 1161 518 
1852 355 1344 937 
1853 562 829 715 
1854 564 1008 493 
1855 434 1007 677 
1856 169 1137 175 
1857 222 1241 885 
1858 640 988 506 
1859 624 1208 1176 
1860 418 1007 420 
1861 505 988 537 
1862 587 1139 701 
1863 181 1043 448 
1864 175 1043 177 
1865 341 1163 1089 
1866 582 1168 1041 
1867 34 789 788 
1868 418 1052 1007 
1869 160 1181 129 
1870 393 1142 261 
1871 868 1085 866 
1872 305 1068 430 
1873 992 1389 1286 
1874 555 1230 553 
1875 1059 1199 666 
1876 473 939 711 
1877 26 923 42 
1878 7 925 43 
1879 352 1159 471 
1880 17 1017 1012 
1881 399 981 356 
1882 1089 1163 738 
1883 163 1187 172 
1884 413 985 411 
1885 430 1068 1067 
1886 941 1231 543 
1887 972 1132 976 
1888 416 997 386 
1889 852 1177 630 
1890 840 904 841 
1891 1209 1346 794 
1892 820 1098 725 
1893 656 959 200 
1894 230 982 233 
1895 568 951 542 
1896 183 1187 161 
1897 1114 1129 1113 
1898 721 1160 513 
1899 244 1212 247 
1900 980 1016 644 
1901 496 1220 963 
1902 953 998 650 
1903 633 1136 120 
1904 683 1075 432 
1905 1119 1160 684 
1906 368 947 367 
1907 415 1034 1033 
1908 93 1165 1070 
1909 1024 1164 1023 
1910 95 1165 93 
1911 880 1137 1015 
1912 12 1156 44 
1913 832 1167 481 
1914 145 1080 173 
1915 1088 1162 665 
1916 1005 1240 409 
1917 291 1049 293 
1918 153 1050 154 
1919 508 1201 584 
1920 472 1201 466 
1921 861 927 714 
1922 12 929 11 
1923 21 928 22 
1924 863 1308 429 
1925 457 970 459 
1926 325 1077 323 
1927 206 994 188 
1928 595 1157 718 
1929 923 1183 924 
1930 823 1207 821 
1931 378 979 412 
1932 784 1335 858 
1933 959 1149 1004 
1934 1011 1178 969 
1935 691 990 690 
1936 606 1000 723 
1937 653 978 765 
1938 1090 1159 352 
1939 745 1213 1150 
1940 1082 1218 743 
1941 957 1319 958 
1942 664 1159 1090 
1943 834 1189 835 
1944 377 1024 1023 
1945 121 123 122 
1946 977 1248 576 
1947 610 1214 648 
1948 101 1053 103 
1949 73 954 568 
1950 711 1380 949 
1951 166 1026 164 
1952 36 1173 1056 
1953 76 1148 70 
1954 828 1392 41 
1955 515 1032 981 
1956 415 1143 1034 
1957 1034 1110 1033 
1958 656 1149 959 
1959 648 1214 819 
1960 541 1257 71 
1961 1141 1254 805 
1962 1019 1374 601 
1963 557 1209 660 
1964 536 1195 451 
1965 753 1242 812 
1966 453 1195 456 
1967 686 1242 614 
1968 467 955 439 
1969 34 788 787 
1970 584 1201 1037 
1971 736 1035 615 
1972 545 1203 1141 
1973 630 1177 1073 
1974 440 1185 777 
1975 962 1203 545 
1976 528 953 526 
1977 548 948 947 
1978 470 1134 1094 
1979 742 1299 1178 
1980 611 1020 398 
1981 61 1257 926 
1982 245 882 242 
1983 1076 1162 1088 
1984 8 890 9 
1985 678 934 682 
1986 668 1155 488 
1987 126 1169 127 
1988 307 1219 302 
1989 295 1219 391 
1990 532 1225 1158 
1991 565 1222 567 
1992 1138 1393 1103 
1993 518 1161 720 
1994 999 1282 781 
1995 27 915 26 
1996 216 944 643 
1997 799 1217 721 
1998 666 1048 65 
1999 890 1392 828 
2000 207 944 209 
2001 1054 1134 470 
2002 32 1183 923 
2003 322 1253 993 
2004 415 1033 192 
2005 33 925 8 
2006 5 1324 861 
2007 588 1019 486 
2008 1023 1164 174 
2009 763 1203 962 
2010 390 1174 311 
2011 1066 1152 544 
2012 476 1024 377 
2013 416 1176 997 
2014 429 1046 419 
2015 730 1375 1128 
2016 704 1029 657 
2017 48 1381 1221 
2018 335 1218 331 
2019 41 1313 828 
2020 179 1181 160 
2021 854 1216 853 
2022 971 1132 972 
2023 1106 1182 591 
2024 743 1218 1186 
2025 710 1237 742 
2026 665 1162 1161 
2027 798 1208 624 
2028 871 1238 868 
2029 771 1036 613 
2030 617 1194 538 
2031 320 1253 322 
2032 49 1244 22 
2033 1067 1068 735 
2034 1058 1148 1100 
2035 968 1199 967 
2036 554 935 681 
2037 21 1244 876 
2038 464 935 468 
2039 47 901 897 
2040 403 937 642 
2041 397 1005 370 
2042 354 937 357 
2043 187 1040 190 
2044 560 1153 239 
2045 533 1172 1115 
2046 438 1010 465 
2047 817 1377 954 
2048 422 1002 144 
2049 769 1171 668 
2050 247 1277 248 
2051 544 1152 728 
2052 253 1006 251 
2053 31 1178 1011 
2054 1074 1081 737 
2055 8 1392 890 
2056 982 1022 233 
2057 1143 1158 1144 
2058 906 907 841 
2059 581 1252 702 
2060 213 1241 222 
2061 144 1002 142 
2062 808 1354 198 
2063 786 829 562 
2064 668 1171 1155 
2065 910 1276 2 
2066 1112 1140 402 
2067 960 1151 656 
2068 29 914 34 
2069 692 1008 564 
2070 15 1247 38 
2071 905 906 841 
2072 1058 1170 589 
2073 37 1199 1059 
2074 1124 1172 688 
2075 1212 1359 247 
2076 1115 1172 1124 
2077 420 1007 434 
2078 13 856 14 
2079 643 1145 939 
2080 234 950 559 
2081 888 1255 886 
2082 1075 1192 369 
2083 700 1245 750 
2084 733 1001 1000 
2085 899 1221 898 
2086 580 1255 617 
2087 1 786 785 
2088 886 1255 623 
2089 63 1294 875 
2090 867 1235 869 
2091 747 1222 998 
2092 685 1175 826 
2093 749 1256 713 
2094 506 988 505 
2095 997 1176 732 
2096 28 922 914 
2097 1046 1325 1047 
2098 586 1177 687 
2099 330 1282 332 
2100 682 1359 1212 
2101 1092 1169 749 
2102 860 1367 818 
2103 177 1043 181 
2104 278 1259 285 
2105 1130 1224 585 
2106 161 1187 163 
2107 127 1169 1092 
2108 1105 1182 1106 
2109 242 882 241 
2110 425 1266 1120 
2111 517 1262 683 
2112 1050 1158 671 
2113 543 1231 945 
2114 712 1267 362 
2115 321 1269 319 
2116 1048 1239 598 
2117 515 981 399 
2118 729 1270 881 
2119 526 985 413 
2120 984 1220 496 
2121 655 1371 1013 
2122 643 939 473 
2123 1051 1213 158 
2124 967 1199 37 
2125 487 1206 1165 
2126 908 1395 909 
2127 433 1332 961 
2128 965 1215 883 
2129 966 1173 36 
2130 1008 1224 1130 
2131 1120 1258 507 
2132 853 1216 441 
2133 1177 1258 687 
2134 862 1175 685 
2135 812 1350 1195 
2136 522 930 364 
2137 720 1272 800 
2138 243 1212 244 
2139 231 982 230 
2140 387 1278 479 
2141 524 1237 1097 
2142 6 1324 5 
2143 25 923 26 
2144 8 925 7 
2145 717 1204 798 
2146 684 1182 1105 
2147 369 1210 1163 
2148 466 1201 508 
2149 732 1176 733 
2150 402 1140 1114 
2151 1127 1234 98 
2152 285 1293 289 
2153 283 1277 1039 
2154 604 1296 837 
2155 707 1296 605 
2156 694 1297 693 
2157 637 932 931 
2158 511 1304 510 
2159 32 923 25 
2160 4 911 5 
2161 128 1265 130 
2162 548 947 368 
2163 445 946 180 
2164 864 1308 863 
2165 1281 1305 1055 
2166 395 1309 442 
2167 617 1280 1194 
2168 523 1302 489 
2169 877 1285 45 
2170 547 1298 523 
2171 507 1258 852 
2172 1158 1225 1144 
2173 1235 1292 869 
2174 538 1194 735 
2175 1132 1300 478 
2176 1008 1130 1009 
2177 503 1327 484 
2178 844 1247 856 
2179 199 1274 1236 
2180 688 1172 1157 
2181 821 1207 825 
2182 1202 1293 778 
2183 942 1341 1179 
2184 859 970 457 
2185 644 994 206 
2186 1045 1294 64 
2187 852 1258 1177 
2188 1073 1177 586 
2189 1228 1229 636 
2190 30 896 29 
2191 5 1342 4 
2192 63 1358 1294 
2193 733 1000 606 
2194 1211 1212 243 
2195 745 1150 1016 
2196 781 990 691 
2197 412 979 651 
2198 908 1275 949 
2199 842 1338 391 
2200 1186 1200 743 
2201 283 1335 250 
2202 35 1336 910 
2203 1149 1168 582 
2204 252 1335 784 
2205 651 978 653 
2206 123 1205 128 
2207 500 1330 514 
2208 1138 1306 727 
2209 936 1196 607 
2210 80 954 72 
2211 429 1387 863 
2212 642 1344 1229 
2213 728 1214 610 
2214 319 1339 317 
2215 1199 1239 666 
2216 677 1180 1139 
2217 174 1026 166 
2218 716 1186 1032 
2219 1146 1394 401 
2220 469 1337 563 
2221 651 979 978 
2222 199 1236 197 
2223 1192 1210 369 
2224 549 1378 906 
2225 746 1393 698 
2226 968 1239 1199 
2227 72 954 73 
2228 1152 1184 728 
2229 854 1233 1232 
2230 309 1396 307 
2231 576 1248 1189 
2232 671 1158 1143 
2233 1160 1182 684 
2234 683 1192 1075 
2235 920 1191 921 
2236 592 1162 1076 
2237 577 1209 557 
2238 1072 1206 1128 
2239 860 1278 495 
2240 782 1336 814 
2241 919 1223 918 
2242 1176 1208 733 
2243 38 1314 1018 
2244 1064 1204 556 
2245 1005 1250 1240 
2246 1128 1307 1127 
2247 71 1257 61 
2248 614 1242 753 
2249 1165 1206 1072 
2250 1081 1082 737 
2251 642 1229 1228 
2252 875 1294 1045 
2253 938 1184 889 
2254 158 1281 1055 
2255 925 926 43 
2256 761 1246 1118 
2257 451 1195 453 
2258 302 1219 295 
2259 778 1353 758 
2260 1097 1237 857 
2261 781 1282 990 
2262 645 955 467 
2263 2 905 904 
2264 656 1151 1149 
2265 738 1210 739 
2266 659 1213 1051 
2267 802 1250 801 
2268 747 953 528 
2269 1181 1256 749 
2270 850 1397 893 
2271 638 932 637 
2272 807 1348 751 
2273 1166 1215 511 
2274 1122 1271 664 
2275 1173 1235 867 
2276 611 1190 1020 
2277 585 1224 1060 
2278 1227 1355 680 
2279 1129 1225 532 
2280 567 1222 779 
2281 198 1273 199 
2282 431 1385 475 
2283 681 934 678 
2284 1147 1316 759 
2285 1096 1238 472 
2286 952 1332 1198 
2287 209 944 216 
2288 699 1318 1125 
2289 1067 1194 760 
2290 1163 1210 738 
2291 715 1211 1153 
2292 516 1387 427 
2293 813 1330 1200 
2294 900 1356 902 
2295 818 1377 817 
2296 857 1237 710 
2297 441 1216 1003 
2298 612 1271 1122 
2299 832 1252 1167 
2300 645 956 955 
2301 48 915 27 
2302 1095 1268 533 
2303 836 1315 1031 
2304 197 1236 201 
2305 861 1324 927 
2306 1245 1371 655 
2307 927 1257 714 
2308 598 1310 1126 
2309 360 1218 335 
2310 711 1275 474 
2311 578 1295 855 
2312 40 1254 911 
2313 855 1362 649 
2314 612 1384 611 
2315 883 1215 1166 
2316 940 1356 900 
2317 376 1253 320 
2318 1247 1314 38 
2319 743 1200 594 
2320 689 956 645 
2321 924 1322 42 
2322 1168 1240 802 
2323 748 1352 853 
2324 1240 1250 802 
2325 1036 1205 121 
2326 98 1234 1100 
2327 1009 1130 1025 
2328 871 1372 1238 
2329 721 1217 1160 
2330 895 1274 199 
2331 233 1022 371 
2332 174 1279 1026 
2333 681 1039 934 
2334 644 1150 994 
2335 733 1208 1001 
2336 1122 1384 612 
2337 922 1349 914 
2338 429 1308 1046 
2339 1017 1345 1012 
2340 715 1153 560 
2341 1139 1202 701 
2342 478 1300 530 
2343 731 1333 1107 
2344 468 935 554 
2345 568 1377 1367 
2346 218 1243 808 
2347 926 1257 927 
2348 819 1278 860 
2349 735 1194 1067 
2350 1031 1191 616 
2351 357 937 403 
2352 221 1241 213 
2353 1179 1341 754 
2354 199 1273 895 
2355 737 1082 743 
2356 22 1244 21 
2357 759 1316 1019 
2358 1252 1352 1167 
2359 626 1252 581 
2360 1194 1280 760 
2361 956 1261 957 
2362 992 1286 692 
2363 741 1289 996 
2364 633 1232 1136 
2365 1131 1326 965 
2366 52 1235 966 
2367 975 1248 977 
2368 910 1336 838 
2369 902 1220 903 
2370 248 1277 283 
2371 409 1240 1151 
2372 868 1238 1085 
2373 1145 1394 1146 
2374 1135 1273 198 
2375 48 1221 1154 
2376 895 1273 734 
2377 723 1305 1281 
2378 736 1334 1035 
2379 1142 1251 256 
2380 751 1251 1142 
2381 1078 1306 1138 
2382 31 1289 1178 
2383 1058 1234 1170 
2384 1160 1217 1182 
2385 889 1184 703 
2386 535 1283 747 
2387 623 1255 580 
2388 949 1275 711 
2389 52 1292 1235 
2390 1184 1329 728 
2391 1159 1271 791 
2392 512 1362 740 
2393 551 1391 654 
2394 703 1184 1152 
2395 893 1301 1183 
2396 713 1256 768 
2397 771 1205 1036 
2398 719 1243 1108 
2399 939 1145 744 
2400 14 1247 15 
2401 1386 1388 803 
2402 654 1391 1276 
2403 1272 1339 800 
2404 1114 1225 1129 
2405 638 1197 932 
2406 903 1221 899 
2407 578 1351 1295 
2408 770 1263 599 
2409 966 1235 1173 
2410 796 1298 1098 
2411 41 1392 7 
2412 1154 1221 903 
2413 1118 1246 746 
2414 1261 1322 924 
2415 636 1328 1283 
2416 530 1300 686 
2417 1186 1218 360 
2418 774 1303 1263 
2419 1250 1361 801 
2420 766 1360 1125 
2421 423 1259 278 
2422 724 1197 638 
2423 1028 1260 1027 
2424 1233 1333 731 
2425 810 1340 752 
2426 28 914 29 
2427 301 1202 1180 
2428 863 1387 1042 
2429 1016 1150 644 
2430 869 1292 872 
2431 636 1283 535 
2432 1128 1375 1307 
2433 1151 1168 1149 
2434 121 1205 123 
2435 1171 1370 1155 
2436 359 1282 330 
2437 1095 1338 1268 
2438 951 1226 952 
2439 179 1256 1181 
2440 1042 1387 516 
2441 856 1247 14 
2442 1211 1373 1212 
2443 727 1306 831 
2444 978 1320 765 
2445 913 1254 1141 
2446 774 1262 517 
2447 693 1279 1164 
2448 692 1224 1008 
2449 1198 1332 1197 
2450 1172 1268 1157 
2451 921 1315 49 
2452 730 1270 729 
2453 946 1399 447 
2454 754 1341 756 
2455 1032 1186 360 
2456 593 1269 321 
2457 533 1268 1172 
2458 794 1266 425 
2459 1224 1286 1060 
2460 666 1239 1048 
2461 950 1179 559 
2462 1146 1245 700 
2463 55 1358 63 
2464 362 1267 349 
2465 687 1376 649 
2466 577 1346 1209 
2467 790 1249 770 
2468 627 1333 854 
2469 1102 1323 221 
2470 198 1354 1135 
2471 716 1200 1186 
2472 862 1361 660 
2473 1283 1328 779 
2474 974 1311 975 
2475 776 1370 1171 
2476 130 1265 183 
2477 558 1361 1250 
2478 775 1303 774 
2479 1035 1334 1236 
2480 64 1294 59 
2481 1294 1358 59 
2482 599 1263 658 
2483 1213 1281 158 
2484 1134 1375 730 
2485 1162 1272 1161 
2486 1263 1303 658 
2487 1341 1399 756 
2488 1039 1277 934 
2489 760 1280 795 
2490 1100 1234 1058 
2491 958 1319 516 
2492 1259 1353 778 
2493 898 1381 29 
2494 1114 1288 1225 
2495 492 1316 1147 
2496 742 1289 741 
2497 1204 1368 556 
2498 773 1349 922 
2499 501 1284 1174 
2500 801 1361 862 
2501 723 1281 745 
2502 1060 1286 376 
2503 626 1352 1252 
2504 829 830 715 
2505 683 1249 1192 
2506 938 1329 1184 
2507 1248 1311 835 
2508 289 1293 301 
2509 1239 1310 598 
2510 1233 1364 1232 
2511 1221 1381 898 
2512 658 1303 1131 
2513 495 1278 387 
2514 1180 1202 1139 
2515 475 1320 978 
2516 1141 1203 913 
2517 799 1337 1217 
2518 926 927 43 
2519 747 1283 1222 
2520 697 1297 694 
2521 637 930 522 
2522 1127 1307 1234 
2523 816 1365 775 
2524 643 1394 1145 
2525 828 1313 762 
2526 1225 1288 1144 
2527 1207 1320 825 
2528 605 1296 604 
2529 1212 1373 682 
2530 1125 1360 697 
2531 689 1322 1261 
2532 1157 1268 718 
2533 1109 1288 1140 
2534 1236 1274 1035 
2535 1238 1372 472 
2536 975 1311 1248 
2537 510 1304 612 
2538 1262 1263 770 
2539 43 1324 6 
2540 894 1290 895 
2541 1136 1398 116 
2542 519 1309 395 
2543 906 1378 907 
2544 301 1293 1202 
2545 536 1382 1195 
2546 29 1381 28 
2547 489 1302 501 
2548 45 1285 995 
2549 664 1271 1159 
2550 905 1395 906 
2551 870 1308 864 
2552 487 1270 1206 
2553 831 1318 699 
2554 1151 1240 1168 
2555 1012 1292 52 
2556 725 1298 547 
2557 976 1347 974 
2558 1103 1323 1102 
2559 561 1179 754 
2560 1183 1301 924 
2561 1182 1217 591 
2562 893 1397 1319 
2563 844 1314 1247 
2564 996 1289 31 
2565 1268 1338 718 
2566 1229 1343 1328 
2567 1174 1284 888 
2568 1161 1272 720 
2569 637 931 930 
2570 592 1272 1162 
2571 1189 1248 835 
2572 692 1286 1224 
2573 1295 1351 1190 
2574 40 911 4 
2575 969 1310 968 
2576 1000 1305 723 
2577 1055 1305 422 
2578 550 1391 551 
2579 1267 1369 349 
2580 747 998 953 
2581 447 1399 1341 
2582 884 1353 423 
2583 740 1384 1122 
2584 474 1275 550 
2585 724 1198 1197 
2586 841 1386 804 
2587 1195 1382 812 
2588 1192 1287 1210 
2589 1021 1351 578 
2590 752 1340 771 
2591 616 1327 503 
2592 1104 1331 807 
2593 1222 1283 779 
2594 1034 1357 1110 
2595 790 1331 1287 
2596 1140 1288 1114 
2597 1191 1315 921 
2598 1287 1331 739 
2599 1063 1314 844 
2600 777 1316 492 
2601 642 1388 405 
2602 1031 1315 1191 
2603 927 1324 43 
2604 765 1320 1207 
2605 558 1250 1005 
2606 484 1223 983 
2607 173 1306 1078 
2608 854 1333 1233 
2609 1164 1279 174 
2610 835 1311 1062 
2611 1255 1363 617 
2612 745 1281 1213 
2613 774 1263 1262 
2614 879 1321 536 
2615 660 1361 558 
2616 47 1264 901 
2617 773 1322 689 
2618 704 1290 1029 
2619 1170 1307 1054 
2620 779 1328 780 
2621 594 1330 500 
2622 1198 1291 782 
2623 1226 1367 860 
2624 391 1338 1095 
2625 968 1310 1239 
2626 559 1179 561 
2627 907 1386 841 
2628 1260 1366 768 
2629 593 1370 1269 
2630 762 1313 763 
2631 649 1362 512 
2632 250 1335 252 
2633 689 1261 956 
2634 583 1348 600 
2635 838 1291 724 
2636 1098 1298 725 
2637 739 1331 1104 
2638 971 1300 1132 
2639 317 1339 592 
2640 718 1338 842 
2641 1328 1343 780 
2642 1047 1325 381 
2643 591 1337 469 
2644 592 1339 1272 
2645 479 1329 938 
2646 1107 1333 627 
2647 1234 1307 1170 
2648 114 1398 480 
2649 740 1295 1190 
2650 768 1366 1360 
2651 454 1356 940 
2652 1229 1328 636 
2653 201 1390 1030 
2654 447 1341 942 
2655 1018 1345 1017 
2656 1197 1332 433 
2657 1037 1372 871 
2658 456 1350 859 
2659 974 1347 1311 
2660 937 1344 642 
2661 983 1223 984 
2662 221 1323 1246 
2663 855 1346 577 
2664 1309 1383 442 
2665 1210 1287 739 
2666 1030 1390 750 
2667 804 1386 803 
2668 47 897 896 
2669 758 1353 884 
2670 28 1381 48 
2671 934 1359 682 
2672 768 1360 766 
2673 740 1362 1295 
2674 401 1371 1146 
2675 1307 1375 1054 
2676 798 1317 1208 
2677 59 1358 57 
2678 1266 1376 687 
2679 989 1334 736 
2680 1062 1347 96 
2681 247 1359 1277 
2682 756 1399 839 
2683 1229 1344 1343 
2684 939 1380 711 
2685 1035 1274 704 
2686 556 1368 832 
2687 811 1382 1321 
2688 680 1355 1230 
2689 812 1382 811 
2690 1190 1384 740 
2691 1193 1318 831 
2692 7 1392 8 
2693 1037 1379 584 
2694 944 1394 643 
2695 601 1374 608 
2696 349 1369 235 
2697 1185 1374 777 
2698 728 1329 1214 
2699 427 1387 429 
2700 1144 1357 1034 
2701 984 1223 919 
2702 682 1373 679 
2703 444 1385 431 
2704 698 1393 727 
2705 404 1378 549 
2706 47 896 30 
2707 4 1342 35 
2708 408 1396 309 
2709 954 1377 568 
2710 1242 1350 812 
2711 1200 1330 594 
2712 924 1301 1261 
2713 830 1211 715 
2714 472 1372 1201 
2715 991 1389 992 
2716 1135 1354 783 
2717 803 1388 1228 
2718 1334 1390 201 
2719 1042 1397 850 
2720 948 1380 744 
2721 1311 1347 1062 
2722 1249 1287 1192 
2723 617 1363 1280 
2724 1013 1371 401 
2725 1104 1383 769 
2726 909 1391 550 
2727 767 1318 1193 
2728 1236 1334 201 
2729 568 1367 951 
2730 608 1374 1185 
2731 790 1287 1249 
2732 1155 1370 593 
2733 951 1367 1226 
2734 1054 1375 1134 
2735 1167 1352 748 
2736 1188 1321 879 
2737 750 1390 989 
2738 989 1390 1334 
2739 1201 1372 1037 
2740 771 1340 1265 
2741 965 1326 1215 
2742 1343 1344 355 
2743 376 1389 1253 
2744 839 1399 946 
2745 1215 1365 511 
2746 1246 1323 746 
2747 1217 1337 591 
2748 1190 1351 1020 
2749 775 1365 1326 
2750 1208 1317 1001 
2751 1028 1366 1260 
2752 888 1363 1255 
2753 763 1313 1312 
2754 1288 1357 1144 
2755 724 1291 1198 
2756 611 1384 1190 
2757 516 1397 1042 
2758 1297 1366 1028 
2759 909 1395 1276 
2760 1146 1371 1245 
2761 1228 1388 642 
2762 1232 1364 1136 
2763 751 1348 1251 
2764 1109 1357 1288 
2765 1346 1376 794 
2766 1265 1340 183 
2767 1321 1382 536 
2768 1251 1348 583 
2769 830 1373 1211 
2770 859 1350 1242 
2771 1291 1336 782 
2772 679 1373 830 
2773 423 1353 1259 
2774 1261 1301 957 
2775 1284 1363 888 
2776 1230 1355 788 
2777 1360 1366 697 
2778 838 1336 1291 
2779 697 1366 1297 
2780 1295 1362 855 
2781 794 1376 1266 
2782 1277 1359 934 
2783 1312 1313 41 
2784 480 1398 1364 
2785 1326 1365 1215 
2786 769 1383 1309 
2787 1319 1397 516 
2788 1364 1398 1136 
2789 744 1380 939 
2790 1276 1391 909 
2791 904 1254 40 
2792 196 199 197 
2793 198 199 196 
2794 840 1254 904 
$EndElements
