$MeshFormat
4.1 0 8
$EndMeshFormat
$PhysicalNames
1
2 1 "Domain"
$EndPhysicalNames
$Entities
2 3 1 1
1 6.123031769111886e-17 -1.499660721822137e-32 1 0 
2 6.123031769111886e-17 -1.499660721822137e-32 -1 0 
1 -1.000000000616462e-07 -1.000000000615768e-07 0.9999999000000001 1.000000000616462e-07 1.000000000615768e-07 1.0000001 0 2 1 -1 
2 -1.000000002249202e-07 -1.000000002449213e-07 -1.0000001 1.0000001 1e-07 1.0000001 0 2 2 -1 
3 -1.000000000616462e-07 -1.000000000615768e-07 -1.0000001 1.000000000616462e-07 1.000000000615768e-07 -0.9999999000000001 0 2 2 -2 
1 -1.0000001 -1.0000001 -1.0000001 1.0000001 1.0000001 1.0000001 1 1 4 -1 -2 3 2 
1 -1.0000001 -1.0000001 -1.0000001 1.0000001 1.0000001 1.0000001 0 1 1 
$EndEntities
$Nodes
4 1596 1 1596
0 1 0 1
1
6.123031769111886e-17 -1.499660721822137e-32 1
0 2 0 1
2
6.123031769111886e-17 -1.499660721822137e-32 -1
1 2 0 31
3
4
5
6
7
8
9
10
11
12
13
14
15
16
17
18
19
20
21
22
23
24
25
26
27
28
29
30
31
32
33
0.09801714032956009 -2.400648256621577e-17 -0.9951847266721969
0.1950903220161274 -4.778176958204065e-17 -0.9807852804032307
0.2902846772544612 -7.109689203661826e-17 -0.9569403357322092
0.3826834323650883 -9.372731255536863e-17 -0.9238795325112873
0.471396736825996 -1.154550878176499e-16 -0.8819212643483559
0.5555702330196012 -1.360709674700765e-16 -0.831469612302546
0.6343932841636443 -1.553764093218087e-16 -0.773010453362738
0.7071067811865461 -1.731854914143868e-16 -0.7071067811865489
0.7730104533627354 -1.893267025518245e-16 -0.6343932841636473
0.8314696123025438 -2.036445940471848e-16 -0.5555702330196044
0.8819212643483536 -2.160012767784117e-16 -0.4713967368260003
0.9238795325112855 -2.262777491359536e-16 -0.3826834323650928
0.9569403357322078 -2.343750430733161e-16 -0.2902846772544659
0.9807852804032297 -2.402151772234514e-16 -0.1950903220161322
0.9951847266721966 -2.437419079019515e-16 -0.09801714032956405
1 -2.449212707644755e-16 -3.797634949564976e-15
0.9951847266721973 -2.437419079019517e-16 0.09801714032955648
0.9807852804032313 -2.402151772234518e-16 0.1950903220161239
0.95694033573221 -2.343750430733167e-16 0.2902846772544586
0.9238795325112881 -2.262777491359542e-16 0.3826834323650867
0.8819212643483568 -2.160012767784124e-16 0.4713967368259944
0.8314696123025465 -2.036445940471854e-16 0.5555702330196003
0.7730104533627387 -1.893267025518252e-16 0.6343932841636435
0.707106781186549 -1.731854914143875e-16 0.707106781186546
0.6343932841636474 -1.553764093218095e-16 0.7730104533627354
0.5555702330196037 -1.360709674700771e-16 0.8314696123025442
0.4713967368259988 -1.154550878176506e-16 0.8819212643483544
0.3826834323650904 -9.372731255536915e-17 0.9238795325112865
0.2902846772544634 -7.109689203661879e-17 0.9569403357322086
0.1950903220161288 -4.778176958204098e-17 0.9807852804032303
0.09801714032956145 -2.400648256621611e-17 0.9951847266721968
2 1 0 1563
34
35
36
37
38
39
40
41
42
43
44
45
46
47
48
49
50
51
52
53
54
55
56
57
58
59
60
61
62
63
64
65
66
67
68
69
70
71
72
73
74
75
76
77
78
79
80
81
82
83
84
85
86
87
88
89
90
91
92
93
94
95
96
97
98
99
100
101
102
103
104
105
106
107
108
109
110
111
112
113
114
115
116
117
118
119
120
121
122
123
124
125
126
127
128
129
130
131
132
133
134
135
136
137
138
139
140
141
142
143
144
145
146
147
148
149
150
151
152
153
154
155
156
157
158
159
160
161
162
163
164
165
166
167
168
169
170
171
172
173
174
175
176
177
178
179
180
181
182
183
184
185
186
187
188
189
190
191
192
193
194
195
196
197
198
199
200
201
202
203
204
205
206
207
208
209
210
211
212
213
214
215
216
217
218
219
220
221
222
223
224
225
226
227
228
229
230
231
232
233
234
235
236
237
238
239
240
241
242
243
244
245
246
247
248
249
250
251
252
253
254
255
256
257
258
259
260
261
262
263
264
265
266
267
268
269
270
271
272
273
274
275
276
277
278
279
280
281
282
283
284
285
286
287
288
289
290
291
292
293
294
295
296
297
298
299
300
301
302
303
304
305
306
307
308
309
310
311
312
313
314
315
316
317
318
319
320
321
322
323
324
325
326
327
328
329
330
331
332
333
334
335
336
337
338
339
340
341
342
343
344
345
346
347
348
349
350
351
352
353
354
355
356
357
358
359
360
361
362
363
364
365
366
367
368
369
370
371
372
373
374
375
376
377
378
379
380
381
382
383
384
385
386
387
388
389
390
391
392
393
394
395
396
397
398
399
400
401
402
403
404
405
406
407
408
409
410
411
412
413
414
415
416
417
418
419
420
421
422
423
424
425
426
427
428
429
430
431
432
433
434
435
436
437
438
439
440
441
442
443
444
445
446
447
448
449
450
451
452
453
454
455
456
457
458
459
460
461
462
463
464
465
466
467
468
469
470
471
472
473
474
475
476
477
478
479
480
481
482
483
484
485
486
487
488
489
490
491
492
493
494
495
496
497
498
499
500
501
502
503
504
505
506
507
508
509
510
511
512
513
514
515
516
517
518
519
520
521
522
523
524
525
526
527
528
529
530
531
532
533
534
535
536
537
538
539
540
541
542
543
544
545
546
547
548
549
550
551
552
553
554
555
556
557
558
559
560
561
562
563
564
565
566
567
568
569
570
571
572
573
574
575
576
577
578
579
580
581
582
583
584
585
586
587
588
589
590
591
592
593
594
595
596
597
598
599
600
601
602
603
604
605
606
607
608
609
610
611
612
613
614
615
616
617
618
619
620
621
622
623
624
625
626
627
628
629
630
631
632
633
634
635
636
637
638
639
640
641
642
643
644
645
646
647
648
649
650
651
652
653
654
655
656
657
658
659
660
661
662
663
664
665
666
667
668
669
670
671
672
673
674
675
676
677
678
679
680
681
682
683
684
685
686
687
688
689
690
691
692
693
694
695
696
697
698
699
700
701
702
703
704
705
706
707
708
709
710
711
712
713
714
715
716
717
718
719
720
721
722
723
724
725
726
727
728
729
730
731
732
733
734
735
736
737
738
739
740
741
742
743
744
745
746
747
748
749
750
751
752
753
754
755
756
757
758
759
760
761
762
763
764
765
766
767
768
769
770
771
772
773
774
775
776
777
778
779
780
781
782
783
784
785
786
787
788
789
790
791
792
793
794
795
796
797
798
799
800
801
802
803
804
805
806
807
808
809
810
811
812
813
814
815
816
817
818
819
820
821
822
823
824
825
826
827
828
829
830
831
832
833
834
835
836
837
838
839
840
841
842
843
844
845
846
847
848
849
850
851
852
853
854
855
856
857
858
859
860
861
862
863
864
865
866
867
868
869
870
871
872
873
874
875
876
877
878
879
880
881
882
883
884
885
886
887
888
889
890
891
892
893
894
895
896
897
898
899
900
901
902
903
904
905
906
907
908
909
910
911
912
913
914
915
916
917
918
919
920
921
922
923
924
925
926
927
928
929
930
931
932
933
934
935
936
937
938
939
940
941
942
943
944
945
946
947
948
949
950
951
952
953
954
955
956
957
958
959
960
961
962
963
964
965
966
967
968
969
970
971
972
973
974
975
976
977
978
979
980
981
982
983
984
985
986
987
988
989
990
991
992
993
994
995
996
997
998
999
1000
1001
1002
1003
1004
1005
1006
1007
1008
1009
1010
1011
1012
1013
1014
1015
1016
1017
1018
1019
1020
1021
1022
1023
1024
1025
1026
1027
1028
1029
1030
1031
1032
1033
1034
1035
1036
1037
1038
1039
1040
1041
1042
1043
1044
1045
1046
1047
1048
1049
1050
1051
1052
1053
1054
1055
1056
1057
1058
1059
1060
1061
1062
1063
1064
1065
1066
1067
1068
1069
1070
1071
1072
1073
1074
1075
1076
1077
1078
1079
1080
1081
1082
1083
1084
1085
1086
1087
1088
1089
1090
1091
1092
1093
1094
1095
1096
1097
1098
1099
1100
1101
1102
1103
1104
1105
1106
1107
1108
1109
1110
1111
1112
1113
1114
1115
1116
1117
1118
1119
1120
1121
1122
1123
1124
1125
1126
1127
1128
1129
1130
1131
1132
1133
1134
1135
1136
1137
1138
1139
1140
1141
1142
1143
1144
1145
1146
1147
1148
1149
1150
1151
1152
1153
1154
1155
1156
1157
1158
1159
1160
1161
1162
1163
1164
1165
1166
1167
1168
1169
1170
1171
1172
1173
1174
1175
1176
1177
1178
1179
1180
1181
1182
1183
1184
1185
1186
1187
1188
1189
1190
1191
1192
1193
1194
1195
1196
1197
1198
1199
1200
1201
1202
1203
1204
1205
1206
1207
1208
1209
1210
1211
1212
1213
1214
1215
1216
1217
1218
1219
1220
1221
1222
1223
1224
1225
1226
1227
1228
1229
1230
1231
1232
1233
1234
1235
1236
1237
1238
1239
1240
1241
1242
1243
1244
1245
1246
1247
1248
1249
1250
1251
1252
1253
1254
1255
1256
1257
1258
1259
1260
1261
1262
1263
1264
1265
1266
1267
1268
1269
1270
1271
1272
1273
1274
1275
1276
1277
1278
1279
1280
1281
1282
1283
1284
1285
1286
1287
1288
1289
1290
1291
1292
1293
1294
1295
1296
1297
1298
1299
1300
1301
1302
1303
1304
1305
1306
1307
1308
1309
1310
1311
1312
1313
1314
1315
1316
1317
1318
1319
1320
1321
1322
1323
1324
1325
1326
1327
1328
1329
1330
1331
1332
1333
1334
1335
1336
1337
1338
1339
1340
1341
1342
1343
1344
1345
1346
1347
1348
1349
1350
1351
1352
1353
1354
1355
1356
1357
1358
1359
1360
1361
1362
1363
1364
1365
1366
1367
1368
1369
1370
1371
1372
1373
1374
1375
1376
1377
1378
1379
1380
1381
1382
1383
1384
1385
1386
1387
1388
1389
1390
1391
1392
1393
1394
1395
1396
1397
1398
1399
1400
1401
1402
1403
1404
1405
1406
1407
1408
1409
1410
1411
1412
1413
1414
1415
1416
1417
1418
1419
1420
1421
1422
1423
1424
1425
1426
1427
1428
1429
1430
1431
1432
1433
1434
1435
1436
1437
1438
1439
1440
1441
1442
1443
1444
1445
1446
1447
1448
1449
1450
1451
1452
1453
1454
1455
1456
1457
1458
1459
1460
1461
1462
1463
1464
1465
1466
1467
1468
1469
1470
1471
1472
1473
1474
1475
1476
1477
1478
1479
1480
1481
1482
1483
1484
1485
1486
1487
1488
1489
1490
1491
1492
1493
1494
1495
1496
1497
1498
1499
1500
1501
1502
1503
1504
1505
1506
1507
1508
1509
1510
1511
1512
1513
1514
1515
1516
1517
1518
1519
1520
1521
1522
1523
1524
1525
1526
1527
1528
1529
1530
1531
1532
1533
1534
1535
1536
1537
1538
1539
1540
1541
1542
1543
1544
1545
1546
1547
1548
1549
1550
1551
1552
1553
1554
1555
1556
1557
1558
1559
1560
1561
1562
1563
1564
1565
1566
1567
1568
1569
1570
1571
1572
1573
1574
1575
1576
1577
1578
1579
1580
1581
1582
1583
1584
1585
1586
1587
1588
1589
1590
1591
1592
1593
1594
1595
1596
0.01952431989635294 0.07097865308732006 -0.9972867349656741
0.8534367318490611 0.08569780127745663 -0.514102744193224
0.9008101430823704 -0.08319536654096332 0.4261685313418088
0.2302020679787106 -0.09110219461238844 -0.968869133596035
0.2299977865507079 -0.07836061515581573 0.9700312531945438
0.9668995186972699 -0.08175602876145856 -0.2417049285888545
0.7382725247524136 0.08495351250738886 -0.6691312127739624
0.6707167608568851 -0.08286447270265987 -0.737070217733262
0.9951847266721972 0.08495351250733728 0.04889029056008939
0.7927508379933643 0.0861556680290307 0.6034263084480905
0.3412140982874892 0.08671037929603724 0.9359776969843849
0.666757749723968 -0.08308085001056142 0.7406292429715108
0.4260094458272284 0.0849535125073394 -0.9007212958394195
0.9847830943946616 -0.08981806463213139 0.1487782654160654
0.9669443171977611 0.09508200210912872 -0.2365969152670325
0.04889029055780228 0.08495351250381705 0.99518472667261
0.5998965209040684 0.09995441297012697 0.7938093470947492
0.938140304241142 0.08495351250732558 0.3356719682532415
0.8555914753580298 -0.07961501330693323 -0.5114925971612949
0.4269423058062949 -0.09349627525455476 0.8994324399455074
0.4277861222831538 -0.08547316318294354 -0.8998296349628881
0.2421017861279889 0.08495351250733728 0.966524508673372
0.5935458014321799 0.08495351250733882 -0.8003038687366797
0.2421017861279869 0.08495351250734827 -0.9665245086733716
0.8018247494621733 -0.07701327686727051 0.592575755778186
0.993792495660701 -0.098865525027739 -0.05101062173180029
0.04889029056013157 -0.08495351250742525 0.9951847266721876
0.06451384868566429 -0.09820961913844439 -0.9930724213452133
0.09591431926236707 0.09651860742709512 -0.9906990470272852
0.3356719682693774 -0.08495351251179946 -0.9381403042349634
0.2810497637217388 -0.1713125494038821 -0.9442791116659826
0.1932063274974361 -0.1872248299675356 -0.9631293672495823
0.3212650713359986 -0.08967283189623623 0.9427340755267019
0.2677499033052395 -0.1710815061648811 0.9481777826591333
0.169023928746223 -0.1550092468938133 0.9733463129270098
0.3637370591423907 -0.181349931492116 0.9136780363750951
0.4530287824116112 -0.1854581061754062 0.871992094666279
0.5256715141830666 -0.09729544420220891 0.8451053518431751
0.5318287539117728 -0.1983719906148935 0.8232901856891868
0.3918397614093583 -0.2633060971259805 0.8815506228203466
0.2016496078410753 -0.2441395497804536 0.9485427327698727
0.1063377078177815 -0.2302606561972623 0.9673015673013594
0.5984777666889461 -0.1372858153513819 0.7892889000121043
0.6504460033399156 -0.1843107782409029 0.7368510933447566
0.7179477568232081 -0.1518836653172869 0.6793249374800766
0.6944572932941607 -0.244653179323338 0.6766637936505328
0.6269288619945582 -0.2799006535089372 0.727059712928366
0.6658335988676143 -0.3385200501277937 0.6648832937294161
0.5868200797537476 -0.3686086496530332 0.720950662250041
0.6272658049366594 -0.4270952318835899 0.6512505453813204
0.5465991373125165 -0.4561585645181078 0.7022455034430566
0.6988264190071207 -0.3926357540744975 0.5978953091637657
0.5841798742872769 -0.5125695647517544 0.6292903270890936
0.5006017242624119 -0.5388933236704881 0.6774894090455397
0.1382411121830229 -0.3182711985168042 0.9378661093658721
0.4617554237247243 -0.4814674346258077 0.7449637830496485
0.4135520455902876 -0.5613465526627605 0.716843604562197
0.3741742046732394 -0.504192197249656 0.7783212015548032
0.3224953583519498 -0.578722285629266 0.7490509061188604
0.2800224542428362 -0.5168660870770101 0.8089727270739844
0.2283101739513198 -0.5908528811089196 0.773800579836696
0.1838666817451378 -0.5247725569472973 0.8311478850475574
0.232740997459058 -0.3307912885348863 0.9145538538168173
0.3272194359878489 -0.434678282192676 0.839036490089566
0.7593880462605802 -0.2095663970874586 0.6159640577244102
0.1684353662944684 -0.4033575780284931 0.8994065774877547
0.07319489036446163 -0.3890956555760636 0.9182848571311452
0.539537640955482 -0.3025468738876211 0.785725475654838
0.09302689892588432 -0.4715771782934123 0.8769041914536938
0.1364590191983117 -0.6037480703609532 0.7854089403711039
0.0071407892636054 -0.4559287898475997 0.8899876109906227
-0.02266426816320101 -0.3707154302619074 0.9284699245071729
0.03648661497893628 -0.5368625680633284 0.8428803651407636
-0.09021713537859549 -0.4415382331214459 0.8926952767748196
-0.1193793298531129 -0.3525835832844499 0.9281343611795219
-0.05186058965332378 -0.2818206491451698 0.9580645077217946
-0.1470030843159963 -0.2579784846749917 0.9549016675272796
-0.08016649028006305 -0.1901021007252251 0.9784858328744637
-0.1771227808680865 -0.1664795068469432 0.9700062341539638
-0.1073088756835111 -0.09644468232296605 0.9895368757409513
-0.2012223484046249 -0.07088968512057289 0.9769770821498495
-0.1593003311070499 -0.003023621313141324 0.9872255376677302
0.3775834061242428 -0.1627157413812347 -0.9115669799451768
0.4644904072600258 -0.1679879600563963 -0.8694991126157093
0.4127506188675315 -0.2499672628294388 -0.8758728755578792
0.4972442835584694 -0.2534337081344081 -0.8297707382462147
0.4408661945201052 -0.3337806481454608 -0.8332031429687222
0.1761195711392806 -0.6625726028859726 0.7279968698879296
0.5348924986706358 -0.5922489290919674 0.6026037013289097
0.5225704524878233 -0.3345577417066825 -0.7842137716533651
0.4630520606117149 -0.4125819629249866 -0.7844481582821198
0.5445872877495636 -0.4132293074456727 -0.7298398629079832
0.4826359603765141 -0.4892613174542106 -0.7264199150590587
0.5616923421892211 -0.4877304525203234 -0.6682968789470047
0.4978768145294132 -0.5619146644150632 -0.6605835204342833
0.4157992890530862 -0.5603997290100585 -0.7162842277674422
0.4285566042287853 -0.630331804255847 -0.6473183556145004
0.3447221935719114 -0.6259581572896353 -0.6995305530007491
0.3555113132214943 -0.6928410124821415 -0.6273619669650446
0.2700904218670271 -0.6853040943270267 -0.6763205322288427
0.2790968992974612 -0.7483842411857218 -0.6016859216795872
0.5054092175805727 -0.6333810983771182 -0.5859948011741988
0.2584304960226471 -0.6164737494186107 -0.7437565428305479
0.1821844200475458 -0.6719403066724656 -0.7178475195756076
0.1691223464355695 -0.5992628347681417 -0.7824843045082618
0.09245388314987749 -0.6543281234727812 -0.7505377980642265
0.08035297800901887 -0.5791794523440776 -0.8112302761284841
0.6209737585773628 -0.4095239491182889 -0.6683425216585163
0.6352245088468363 -0.4818596370655382 -0.6035736189789638
0.3627134117694201 -0.7519662103808297 -0.550441458620334
0.2850234677524032 -0.8043662029985114 -0.5213028239940318
0.3654794186873908 -0.8056484739388785 -0.4662138253590117
0.2877442064840453 -0.853601112483046 -0.4342446457960918
0.367032779000775 -0.8488899538166862 -0.3803587588686142
0.2874384269547273 -0.8929488175345953 -0.3464412792571921
0.2055773961290361 -0.8929087649129825 -0.4005644414353043
0.2041789749184346 -0.9291335694711409 -0.308255991479604
0.1211634517289052 -0.9244008996997157 -0.3616661369267151
0.1188443962894899 -0.9559702561932898 -0.2683223411203819
0.2008846958331066 -0.9557452126656016 -0.2149335419305797
0.1149143785443888 -0.9781511022420715 -0.1732486848041787
0.1962226431742153 -0.9733718754371753 -0.1185068201144597
0.1095014130613857 -0.9910678670186716 -0.07611782643126828
0.02788110478642351 -0.9912000966226723 -0.1294025210384001
0.02188815569333301 -0.9992333426515391 -0.03245975313794606
-0.05976465558288734 -0.9945351917936848 -0.08560337742728082
0.07848205357959796 -0.6670677855679363 0.7408516293586853
-0.06567374987054037 -0.9977725467088752 0.01170058169609669
0.1900718287728271 -0.9815475682870177 -0.02090624540168199
0.1212940465158162 -0.7245777425404833 0.6784355896433766
0.02322565600559529 -0.7271918290928725 0.686041261589762
0.27586075750822 -0.9591334815190393 -0.06295877298802557
0.2685854393327855 -0.9626254427965341 0.0348442055325006
0.35305760855252 -0.9355744312026623 -0.007128023778747367
0.06629510798183726 -0.7822873700824585 0.6193798747676155
-0.03166072101737316 -0.7790934214965866 0.6261078495957403
0.3444307506495659 -0.9343540759946757 0.09137788944330336
0.4270766789333281 -0.9029186147895456 0.0484095587441889
0.1634530712931663 -0.7774578249144718 0.6073239859943699
0.1078817168127348 -0.8305888706721805 0.5463365840697919
0.4184991244100731 -0.8956735763747118 0.1504238260786354
0.4988746975567276 -0.8600742318184528 0.1067536973578992
0.5059054845165714 -0.862568247866882 0.005971474517266051
0.574366204768655 -0.8162266566668639 0.06226963759397511
0.5796807357473673 -0.8140183268255498 -0.03666617235986511
0.6450194501159592 -0.7639328107697625 0.01888305064113977
0.647349836064781 -0.7580530198166561 -0.07933352944215694
0.7088749462091024 -0.7048536098857623 -0.0260326577216376
0.7025582074256485 -0.708076164596226 0.07099373429787879
0.7638108422278713 -0.6448477363742117 0.02764767961701449
0.7663836376950345 -0.6385570451900411 -0.07000728470302213
0.6147388101895986 -0.5625210812432752 0.5528708966870775
0.8178049543210048 -0.5752817198077229 -0.01568437257552659
0.8165433105411859 -0.5660415162182698 -0.1133755878827655
0.8114264996771108 -0.5786766348732604 0.08197797187971378
0.5637120131258224 -0.6401541331604401 0.5219496642926769
0.2583306817597933 -0.9569576274189758 0.1322775800586212
0.2044028020815632 -0.8226945781152843 0.5304650088751562
-0.07416121259406122 -0.718071409712132 0.692006911165351
-0.2677667804986624 -0.1390537819612004 0.9533965580930467
-0.1292394137818356 -0.7682894804373911 0.6269198100032978
-0.2127196360528794 -0.3230886431313439 0.9221518774676315
-0.171242010941674 -0.7039894094822747 0.6892569078547199
0.8613417937614108 -0.5065340733933873 0.03890432895421415
0.8510777838369126 -0.507035380403921 0.1363148153279772
0.6403740191361081 -0.6072740353531522 0.4702545710584492
0.03539885910969572 -0.9469902857045956 -0.3193059967411517
0.001507636956980932 -0.6268740970912379 -0.7791191137604385
-0.01237904590183388 -0.5482710320927454 -0.8362090854508315
-0.08951998107890501 -0.5956064723706685 -0.7982725744116482
-0.1031607359983077 -0.5142427192197229 -0.8514178106416337
-0.07542088505686818 -0.6712591448561323 -0.7373756509027489
0.03735689968305198 -0.9109100104861516 -0.4109104705920615
-0.04859657462394708 -0.9289078636179191 -0.3671083679836414
0.7613151681531014 -0.6264502339175898 -0.1672104038767081
0.8083013326872899 -0.5507922465154237 -0.2080309033640045
0.8591379032161547 -0.4879686781836943 -0.1541707896101185
0.8469307274594379 -0.4701812029259523 -0.2482699726107284
0.5611721991754922 -0.8113832338619215 0.1635329039683216
-0.08313195004587791 -0.8304671030058834 0.5508298010334817
-0.1832113588820418 -0.8097916419306752 0.5573787712461042
-0.1472589441014129 -0.9882135312278282 -0.04181889621167883
-0.166050426993574 -0.6369340066484458 -0.7528229053834702
-0.152517364638745 -0.986715011633897 0.05596373200538526
-0.07032473973382168 -0.9915105974808447 0.1093671160109315
-0.1566429667532174 -0.9757486574169192 0.1528971501233105
-0.1517498087765448 -0.710276127718626 -0.6873716737903274
-0.2412320206016154 -0.6718549083291416 -0.7002985751738343
-0.2334780123998344 -0.9723589924297315 0.002451033834999364
-0.2256026254537947 -0.7410166684591976 -0.6324537551900428
-0.3143394125416467 -0.7000322617850614 -0.6412063366678965
-0.3286279652765925 -0.6275595241753272 -0.7058135051520363
-0.2975988969409242 -0.7660678243919933 -0.569714827761103
-0.384667265272796 -0.7211942129034051 -0.5761163096998612
-0.3660885983451105 -0.7832894974405603 -0.502430792608322
-0.4515370581520189 -0.7351365919256827 -0.505656480555043
-0.4309850947353299 -0.7935672350135785 -0.4295379978871283
-0.5143036337748358 -0.741724883270766 -0.4305066431809943
-0.5325245915157014 -0.6797299127424776 -0.5043657454210576
-0.4914702657640755 -0.7964501796362439 -0.3523124880375146
-0.5723614224350503 -0.7408955233366155 -0.3513918405539445
-0.546960552630767 -0.7919105167634113 -0.271499332053235
-0.6251502846260196 -0.732656513761125 -0.2690753695071346
-0.5969205870056494 -0.7799920449005293 -0.1878782124162393
-0.6721609152716078 -0.7170873442155108 -0.1843514164501594
-0.6408683562394041 -0.76080975304315 -0.1022559027412376
-0.7129397574654958 -0.694338225498246 -0.09803739509486752
-0.7408894489256871 -0.6472094153440214 -0.1794513782634216
-0.7781595508455408 -0.6212225420050255 -0.09246765235843592
-0.8024430974967151 -0.5710324380791215 -0.1732253732606501
-0.8358984981135621 -0.5421681200978393 -0.08560041122019252
-0.856227993553979 -0.4892913652128048 -0.1657334697118144
-0.8855995359413056 -0.4579376740533944 -0.0775019265767708
-0.9017955092905452 -0.4028221567850035 -0.1565221052327254
-0.9267868944675807 -0.3693502049970481 -0.0681650813230365
-0.2498983132654665 0.03988253050408338 0.9674503691599201
-0.9385338229003265 -0.312409045726546 -0.1468157056323589
-0.9590520036325735 -0.27724141670701 -0.05793488750862001
-0.9661950159180377 -0.2188276147404866 -0.1363145855810449
-0.9820947666778229 -0.1825189565225026 -0.04665511519618802
-0.9843260401382232 -0.1265579319976232 -0.1228223780680457
-0.9952921985026256 -0.09144869587438377 -0.03210257968893842
-0.9640521866110292 -0.1592141084665533 -0.2127304612783366
-0.9801742145348478 -0.05268994781498386 -0.1910033469870318
-0.9522430833368869 -0.0970940427260735 -0.2894924128611425
-0.9612238878967038 -0.0003388939969119192 -0.2757689657804225
-0.8610462908217911 -0.5085222019502494 0.002110731083158445
-0.9883971842033288 -0.1454220477087393 0.04385697548997253
-0.9971433413938996 -0.05004490726793655 0.05657441091476559
-0.9328231219863325 -0.03165429931838325 -0.358941539003685
-0.9362382311154652 0.06245073419994082 -0.345771427963146
-0.9852937123436561 -0.1061781116299835 0.133874975356664
-0.9893735706049801 -0.009148147225352831 0.1451077158206816
-0.9035656889895345 0.03137416162971366 -0.4272993185846431
-0.9021796605310588 0.1246330158039855 -0.412963038897753
-0.9725520774846828 -0.06684708103835708 0.2228764777559062
-0.9718380106715603 0.03069332241001564 0.2336424639772896
-0.8643761082785557 0.08989387791039877 -0.494745423578075
-0.8582138024233307 0.1847070030311215 -0.4789074987524726
-0.8927450169380392 0.2190715292974435 -0.3937181730420622
-0.8454645757539174 0.2791017443436769 -0.4552931664867872
-0.8758007129006906 0.3122639556287052 -0.3680547965965885
-0.824366088533627 0.3708669406841142 -0.4276426830700765
-0.8505989625883075 0.4023804515055262 -0.3384839391904792
-0.7951218982265107 0.4591172446777693 -0.396222819383442
-0.8169727300292529 0.4889985976519086 -0.3056729132308199
0.2902580524567895 0.1717514932565797 0.9414094154766707
-0.7580141517496563 0.5430012205014164 -0.3613367131654647
-0.7764730272277636 0.5699459535921635 -0.2687959225354285
-0.7134008633325795 0.6217095585143945 -0.3233209443388522
-0.7285663361462204 0.6456395825206311 -0.2287807319619765
-0.6617124604089445 0.6944828834463964 -0.2825422877013636
-0.6735270340835399 0.7152446722536222 -0.186511107367467
-0.6022065270925115 0.7611030026446247 -0.2409761774377557
-0.6117548253151017 0.7780493055546355 -0.1428121557488679
-0.5375866260092728 0.8199992908811699 -0.1964733633100041
-0.5445470767412319 0.8330739891890431 -0.09724304473448465
-0.4722449619261454 0.8690328870053572 -0.1475348678736912
-0.4731338722678489 0.8795803356271289 -0.04982742308105208
-0.3885931947050061 0.9147913116486386 -0.1102369500717462
-0.3952810724924769 0.918552927231122 -0.003659727357905815
-0.3167007698257654 0.9471160086880325 -0.05169031319907398
-0.3151865069470035 0.9479995954240267 0.04420670666797383
-0.2350200103772753 0.9719847728010301 -0.00334606712353557
-0.234525478260642 0.9672685227986915 -0.09689894142587091
-0.1515556911042301 0.9870502098000374 -0.05256192374353672
-0.1513543093020348 0.9874327028077522 0.0454811002668277
-0.06709349664581735 0.9977397528308954 -0.003721334274340974
-0.06407475081337684 0.9931780457704313 -0.09742584722665031
-0.06705828351505684 0.993313774699556 0.09397303658036212
0.01844837068073188 0.9984913509852615 -0.05171730490709684
0.02191072806971198 0.9893415139770033 -0.1439558568351629
-0.3884185113116911 0.9172363907554871 0.08836551105639069
0.1037696118105824 0.9896485396864003 -0.09913443176443044
0.1040205912913561 0.9751063999385644 -0.1958244759631679
0.1876811495228113 0.9712716557667617 -0.1463118478384081
0.1869126982725794 0.9517838972433893 -0.2432510147412525
-0.5855194647927975 0.7344501283153151 -0.3431471482707865
0.2701550248660213 0.9434576928460251 -0.1921037333038967
0.2695714529045049 0.958252350508171 -0.09530826052614594
0.2686155102882196 0.919675421097627 -0.2864311914954479
0.1842259327002178 0.9234884211719034 -0.3364965700897408
0.2645674838414351 0.8866160215388946 -0.3793627246374562
0.1791271788595765 0.8858329521514869 -0.4280343849229766
0.3509833508684223 0.9259242984976188 -0.1395524305229624
0.3489253254128971 0.9362197743699973 -0.04175705166909499
-0.7685324166185247 0.4244630053121961 -0.4787369650735454
0.4286681395396645 0.8993801804914034 -0.08578413071689425
0.4248670193309497 0.9051755114611199 0.01205443221120074
-0.6785588538192076 0.7289927468612294 -0.09015240943692476
-0.9503828977386515 -0.02724617594509504 0.3098870658518242
-0.9451340344177361 0.0703047735247154 0.3190280486178165
0.5023925333110631 0.8640649323660642 -0.03152039226471218
0.4963096830226653 0.8656118421972568 0.06627848207233476
-0.9190000605710147 0.01224253551856645 0.3940672645558727
-0.9091480771656778 0.1095754414065691 0.4017996968969816
-0.9198416489930537 -0.08525333792633075 0.3829141015295189
0.2585757647183132 0.8447964246169746 -0.4684629919798531
0.1720594202816087 0.8400286273913671 -0.5145361610764907
0.5715169416117241 0.8202765749574354 0.02268757428373188
0.5627876343699925 0.8177856670767518 0.1204021649475602
0.5750773333147309 0.8146336043415172 -0.07522068455661836
0.4849789635882426 0.8590748492139458 0.1636637049712317
0.5487137753163566 0.8075135503900487 0.2164140908409832
0.4690761681610647 0.844673435095301 0.2578649578900492
0.530208210429213 0.7885765881012426 0.3114903181353387
0.447493410526801 0.8219031098472912 0.352455565367386
-0.8159707240111914 0.1489233202744293 -0.5585817954741202
-0.8166304426070794 0.05665720478823252 -0.5743732944287625
-0.7643678222074364 0.1121112658161892 -0.6349589722580135
-0.6783798538041218 -0.7345487112666312 -0.01545848405341419
-0.8840208641411123 -0.045588418731943 0.4652190965993575
-0.8805089253275867 -0.1427685124842025 0.4520190087391307
0.2504686907870213 0.7949258632693591 -0.5525923514136799
0.3357940704763976 0.7960203714335886 -0.5035810863164183
0.162932596992995 0.786212189430595 -0.5960900620106566
0.3262345856879313 0.7420267363507883 -0.585634115845057
0.4099246975197235 0.7391258400383761 -0.534466776283548
0.3986261183008276 0.6818416155469361 -0.6133426685929806
0.5067847686586638 0.7625288118316522 0.4021430210536958
0.4221661370687546 0.7920064569754953 0.4410232701588075
0.6224441600804455 0.7634839484943259 0.1722078046235486
-0.7607826101596884 0.01502774433711291 -0.6488327881501904
-0.7059584792130101 0.07458045598100274 -0.7043155409423533
0.4803648352939445 0.6755112890684019 -0.5594051513475431
-0.9307027081681317 0.1671847279835375 0.325333268722361
-0.8903807503627088 0.205806315291746 0.4060367963246361
0.4785933294309077 0.7281308811951465 0.4906871150480907
0.3914029990632329 0.7539665016590454 0.5275776783567776
-0.6988333647429182 -0.02271933017324772 -0.7149236045610541
0.5612330713168255 0.6950306737873633 0.4493882532454168
0.08371484088517968 0.8273901069331602 -0.5553534337381042
0.0738100617444849 0.7703738125232813 -0.6333058216719781
-0.8404295406992849 -0.1026490037484666 0.5321102979171107
-0.8327642074737002 -0.1992367952425315 0.516535065772098
0.5306444155928093 0.6575866043029017 0.5347862769757137
-0.7546653572466289 -0.08198278702144987 -0.6509677574227571
-0.6406188426175835 0.03670821737332515 -0.7669810983724309
-0.6444940635960966 0.1337394141723588 -0.7528221377498306
-0.8686106497720936 -0.4337208913685373 -0.2395865761952926
-0.6339021020653819 -0.05815079607439576 -0.7712240983741393
-0.9075580489276845 0.2624759500177583 0.327787680501952
-0.862879146670391 0.3000067250955897 0.4067376834506452
-0.8414882042628643 0.242076879620659 0.4830076463572653
-0.8098731996740411 0.3349689991759704 0.4815611799561706
-0.7844967834308626 0.2756464838454726 0.5555032067686541
-0.749033850806986 0.3670649150715433 0.5515538400453565
-0.7706479269316282 0.4246931084970569 0.4751184445073573
-0.7070466832816862 0.4550116867018152 0.5413403297604348
-0.6825928223977193 0.3943236070536351 0.6152852442008714
-0.6347740701414962 0.4810277125322037 0.6047100293959367
-0.60647241903607 0.4193009134109493 0.6755575097364258
-0.5577321074732039 0.5035125741084198 0.6598560327891317
-0.005605628084054312 0.8070027992425511 -0.5905210063566495
-0.01549277069491702 0.745486777743236 -0.6663403321623281
0.06283655392450269 0.7079032668392375 -0.7035087293624922
-0.02581337925869286 0.6785812334113202 -0.734071644400748
-0.1049960049928156 0.7143620989219601 -0.6918544865499971
-0.1151185914239968 0.6432861923968859 -0.7569217823395438
-0.1936534318584557 0.6766055780971528 -0.7104246898984156
-0.2027389673857745 0.6013925817961284 -0.7728026097678092
-0.7241908300795656 0.5103835525419916 0.4637415993021174
0.3328468742415233 0.813809563119495 0.4763685057630325
0.3005032894472071 0.7722882740238428 0.559704024317033
-0.7886466577974242 -0.158388701019006 0.594095504556687
-0.7770681347860234 -0.2541133822005113 0.5758398239847495
0.2400747523843724 0.8282430677947373 0.506337371638263
0.2067711977766175 0.782919430475528 0.5867561990758152
0.1455735122818386 0.8355393656842547 0.5297946025714897
0.111111047967597 0.7857574019915728 0.6084732042045863
0.1717357146950099 0.7302995049838252 0.6611879288965989
0.07575009577033097 0.729955905668203 0.6792836659090952
0.0148222870721376 0.7815460109883048 0.6236714940689688
0.1355786847818097 0.6713492684668486 0.7286347369991785
0.03879788300124356 0.6655157689280361 0.7453747282962756
-0.5760528746384237 0.09545580917880579 -0.8118197300600842
0.6108539732153414 0.621406677298063 0.4906232412110254
-0.03717482589783225 0.5941625859155898 -0.8034854409493462
-0.5322358900959614 0.4429664753612785 0.7214607813317129
-0.5750395203650116 0.3569288706872579 0.736159854439439
0.4669448576712805 0.6149511647814047 -0.6354506785174923
0.5463972925789792 0.6055063750897731 -0.5786294396139938
-0.828819105113803 0.5159340391752495 -0.216497016650731
-0.2806096875630949 0.6325814888508813 -0.7218717775401284
-0.8177046755245876 -0.3046496092466457 0.4884134306211234
-0.7577564415068105 -0.347421403958477 0.5523617867181403
-0.713819919125977 -0.3062156739807061 0.6298357595973141
-0.691396716007342 -0.3980657774116179 0.6029214027947152
-0.7326513495623779 -0.4387015357100588 0.5203488854125301
-0.6616648126128299 -0.4860255999496579 0.5709455244973934
-0.9968609365874064 0.05926626654198875 0.05249554987094724
0.09851965806366379 0.602919814599071 0.7916953796371686
0.194807183493943 0.6040443082530745 0.7727746339821344
0.001335566464430148 0.5956625892644324 0.8032336497016365
-0.7021693176639917 -0.5242048573156339 0.4818376457874375
0.5773058613928594 0.580691519717888 0.5740342335864458
-0.2885286865511927 0.5543903610765998 -0.7806423794429821
-0.6436297770483237 -0.3550409895091444 0.6780019217266958
0.6547250982603386 0.5416031743822582 0.5272580461283176
-0.4748070512584835 0.5207360917207636 0.7095013649420333
-0.5028953755148278 0.5817357022218508 0.639280700511325
-0.4407500582632781 0.4539851339058972 0.7743622436130015
-0.6260081987730535 -0.5698252299288676 0.5323654218724486
0.1569683467214727 0.5343394867244741 0.8305674271572134
0.2524068804241227 0.5327165510044088 0.807777099824283
-0.6586163853438262 -0.6036572437682232 0.4492464679914409
-0.2703795429584017 0.7046348310705152 -0.6560370855308657
-0.3560060151546707 0.6573834406161342 -0.6641586626532745
0.5305316670106304 0.5420007407650829 -0.6517448483179773
0.4486718750095323 0.5486532879250414 -0.705459508564788
0.6073849905549831 0.5297865030446143 -0.5919541658272895
0.6204660233085398 0.5905521677603539 -0.5160136152014143
0.6784903674865053 0.5121284172985695 -0.5266643194894538
0.6877071528424872 0.5746925682661382 -0.4436071729683255
0.743686513212541 0.4900198245025709 -0.454764710218639
0.7489606239797799 0.548367528698987 -0.371955692517784
-0.4175757352930524 0.5964391742537046 0.6854858253166332
-0.4439749301241693 0.6550788688704228 0.6113574543429452
0.6849300244351725 0.5792921310416446 0.4419179658493917
0.7252955686645355 0.4966502115850246 0.476744066987874
0.7521824119082341 0.5317782399596855 0.3891446038701949
-0.9147450504040556 -0.1295464441396381 -0.3826998975333771
-0.5769823698206908 0.1919338553683534 -0.7938845886396458
-0.5090312232222185 0.152625734305466 -0.8471083750103107
0.1783485100055461 0.8767506377946676 0.4466543720881342
0.6185312902572783 0.4984376338639146 0.6074363901848562
-0.5820056744089812 -0.6469007108988329 0.4927361009651429
-0.6120219455858642 -0.6790784490424282 0.4053166640633267
0.8011751276654521 0.461914497462782 -0.3804647314061479
0.8032801959518975 0.5144028725339076 -0.3002176069459375
-0.5471054873618322 -0.6099059359284238 0.5733152143610402
-0.6031245164574105 -0.7974112698612177 -0.01939289422275746
-0.407673032462355 -0.8410908727541011 -0.3554839551550705
-0.7279495607885687 -0.5621861992030166 0.392474348682046
-0.07385018781209544 -0.9757273671802748 0.2061607496483447
-0.5334032806083193 -0.7184702531595628 0.4464094931350769
-0.5615288970619141 -0.7466235989662647 0.3567050591610563
-0.6925761518689451 0.5946045812863583 -0.4083915593834899
-0.9638061247829766 -0.1637872779828671 0.210360360813972
-0.6475899546762623 -0.6783442137247128 -0.3470970733218555
-0.4587170280596301 0.8533457302717217 -0.2477493749642217
0.01197479736370443 0.9717738968274647 -0.235610054269469
0.4288243595927948 0.8846968254709822 -0.1828146482681191
-0.5042097024337181 0.05585729389500943 -0.8617729043607881
-0.4294908196299186 0.1128759012955964 -0.8959892112968367
-0.423701799693649 0.01539104345800688 -0.905670967138528
-0.5474065704614568 0.8368539763327142 -0.004633455702934912
0.6414085893068722 0.7669165638749968 -0.02083280148074457
-0.2094723177473578 0.5204120327200956 -0.8278240539496833
-0.6632169090255708 -0.2617145782823947 0.7011767331401092
-0.2872672610484857 -0.03287220185984812 0.9572862367518853
-0.5898727612526755 -0.3090513867088755 0.7460143201745294
-0.6064356272629887 -0.2143474618660227 0.7656964121489269
-0.1476435562416087 0.9786856219427157 0.1427439445403227
0.3574655755056518 0.710468206819364 0.606179255193784
-0.9020856902243307 0.3415876123777419 -0.2637409914339568
0.0820479429645911 0.8789079042086307 0.4698819330160202
0.4064909839373024 0.8906100745010154 0.2039087422720753
0.2597807040927274 0.9655278251054658 0.01643182059894454
-0.6424755896945559 0.2294314650665993 -0.7311541010512261
-0.7850901362745123 0.4779417446531137 0.3939608694304623
-0.7352646614801951 0.5612634680349247 0.3799594676117747
-0.7922691817096417 0.5266676474277009 0.3081083135296836
-0.7384356290333746 0.606977525333697 0.2937534774498261
-0.7919721411384592 0.5692925916825506 0.2206492073766162
0.4818582446388252 -0.6682220700259801 0.5668261613614745
0.5098954281373986 0.4730706278134879 -0.7184781370819375
0.4257221844012181 0.4772572980779 -0.7687561987652768
-0.0257409516419512 -0.4643429579247182 -0.8852813229896416
-0.1162115442992342 -0.4279528800246333 -0.8962986162268739
0.7486082392820305 -0.6085315485432963 -0.2632015549090771
0.4497717649666572 -0.7881272812406054 -0.4201913230935045
-0.480861250900713 -0.7835777802508368 0.3934187586775353
0.78917894373902 0.4467958899684118 0.421390587776115
0.8127565939762645 0.479501879239065 0.330914893521441
0.3657708274719393 -0.3340189080455024 -0.8687019459161945
0.6272531259802135 0.6458550774450926 -0.4352295197782932
-0.7923803013591487 -0.06117090876298566 0.6069526982715334
-0.6776489210359291 0.6391079121574563 0.3637760525880974
-0.5746907006045394 0.2862722570954853 -0.7666673290652993
-0.5050051973956824 -0.8075938942954182 0.3045683051469882
-0.345084311999949 0.7269584758202201 -0.5936734725795522
-0.3565759827163956 0.6667618679746553 0.6544327161479514
-0.3810430900535273 0.7222113695435987 0.5772494272187882
0.6914741590834194 -0.4015018215952016 -0.6005495604657561
0.1480771278899597 -0.8720890219581878 0.4664052979714873
-0.4307740346181686 0.2093119050096101 -0.8778509312634081
-0.3524302593127064 0.1684535724466092 -0.9205521746488645
0.8507749902491053 0.4284469751613941 -0.3043272998626418
0.8469749268799616 0.4883021553497965 -0.2102248280233025
0.6623059422341572 0.4488481457603652 -0.5999051432758408
0.5108883439011996 -0.7067617422845228 0.4893678981184149
-0.4221293771221911 -0.8406764483971744 0.3392195425985125
-0.3283084134587892 0.6050735041272579 0.7253272642437577
-0.5195632019406375 -0.8336586939801719 -0.1872625460161917
0.8970125226246476 -0.4322299636028938 0.09244345741266502
0.8823772905167134 -0.4307106162688283 0.1894694756780349
0.2437481573218612 -0.8598515595428907 0.4486001909873155
0.1140405603527711 0.9161908048167404 0.384173345982877
0.01773227050440692 0.9142620788193297 0.4047349970236281
-0.6369309631903307 -0.7007194262418439 0.3214206493315865
0.7592160388263441 0.4094591637681206 0.5058993967135625
-0.4516417593587071 -0.860878068285007 0.2343259967422448
0.6420680833278575 0.7574606222704091 -0.1183299711882674
0.892573068391745 0.3928683510552658 -0.2212866383694723
0.8872303579242611 0.4399582142685425 -0.138777021423659
-0.6778092581102243 0.6818906613906639 0.2749540607597387
-0.6136187208813417 0.7107735281604973 0.3439085009856906
0.1047674323017472 -0.7218820464482975 -0.6840395428222823
0.3623883272318369 0.550363976985582 -0.7521796282290054
0.3375365733833126 0.4764878772765604 -0.8118056198605237
0.4846876736643947 0.3993810715346116 -0.7781854654885701
0.7052706400995664 0.7060549755073162 -0.06387249623203201
0.8935864775142514 -0.4050053904830906 -0.1935816129783806
0.87642219756995 -0.3854841057279948 -0.2885933745562219
-0.2274027754204187 -0.9691036875444606 -0.09553020736300619
0.7972080817852595 -0.5764977686900102 0.1791915093739282
0.7907000091753906 0.4077928863168366 -0.4566163130675695
-0.4282005290499721 0.675559148735721 -0.6002200792049462
-0.4401332778435351 0.6042261548284931 -0.6642239468401296
0.9260816573783504 0.3498756799177927 -0.1412790588496052
0.9182330038140347 0.3925776473610156 -0.05225841079811923
-0.5302042521581889 -0.2604210747188435 0.8068855648948358
-0.510938139227597 -0.3537506077483616 0.7834556307796284
-0.544023897642844 -0.1645713210008276 0.8227723130353446
-0.1568028038093996 -0.9569193407220672 0.2443731901611863
0.5425186437955223 0.5378425317663665 0.6452898047834106
0.580240105619185 0.4497955666844538 0.6789737609230919
0.8454771286463224 0.3923441147443595 0.3622630543699356
0.8652495293375899 0.4211532376722142 0.271980150708265
0.8291529878757986 0.5017381582961812 0.2465038401449196
0.5099883251491444 -0.855499529906404 -0.08962400650212264
0.891091892174801 0.3403550330113372 -0.3001894255369175
0.2725134843045554 0.5471163032789691 -0.7914544532432337
0.247740147329522 0.4724018760352056 -0.8458494469582427
0.3098037038980056 0.3978552062306678 -0.8635582782454405
0.2171146771548145 0.3900407370001732 -0.8948348676958908
0.2146638594112587 0.4673270850431008 0.8576274383715704
0.1177816024805791 0.4623888899745672 0.8788196678188276
0.3103765142405691 0.464811489356409 0.8292265666090002
-0.2918639378358656 0.7305421548431474 0.6173520889962816
-0.3147042158795542 0.7834740976515172 0.5358447488002246
-0.03844916506526177 -0.3758996096877968 -0.9258623791592064
-0.128546492240551 -0.3375694761119671 -0.9324819827375445
-0.2057181608353809 -0.3877751985330074 -0.8985045540814999
-0.217246378629396 -0.2956412134242054 -0.9302689309535584
-0.2933972445695929 -0.3441975463043809 -0.8918778537428845
-0.07571766849294911 -0.9512249718114204 0.2990616787225574
0.05217634706024592 -0.4102618063743558 -0.9104739859204651
0.7043551415017373 -0.4699409026750089 -0.532014457165466
0.8754586007894349 0.4807161838304431 -0.04984163828868732
0.7554083034404093 -0.3892403085055796 -0.5271150513196942
0.3784836984572256 0.1686656115624215 0.910110983055591
-0.4488218441835021 -0.7513551493003593 0.483760676164935
-0.9427553705070552 -0.3328114249270256 0.02118647724724001
-0.2571542396414097 0.7699478909005443 -0.5839965259590607
-0.3295873270941728 0.7878519306438313 -0.5202514096085722
-0.241061374872255 0.8278905302423526 -0.5064451436036627
-0.9610590151486605 0.09635320496338766 -0.2590012148519195
-0.9430918995290352 0.2216188007672886 0.2479168735467298
-0.3518232519589479 0.2639778590632308 -0.8980735433723809
-0.2717797978701127 0.2220758759998965 -0.936385629304807
-0.2708803071041012 0.1256090671136854 -0.954382638925299
0.00717356377604138 0.8591578392076611 -0.5116603827841021
0.4137503693937221 0.7908616810589285 -0.4509417182510441
-0.1337778607521708 -0.7734438285645315 -0.6195870625085811
0.7408674960044797 -0.3171281512071689 -0.5920684834341171
-0.6174786992349564 -0.1175832076087057 0.7777494746250584
-0.5522637442291354 -0.06712610163899589 0.8309626004151855
-0.6228954339995132 -0.01969220205056942 0.7820572200810869
-0.5548442941677199 0.03097443532568234 0.8313774074304521
-0.6226335710906301 0.07838110583790828 0.7785780875407141
-0.8416770849305008 0.4869628685577692 0.2333384866430817
-0.8377419389698247 0.5264166941153059 0.1451685497888262
0.3468002448210156 0.5292387500150819 0.7743616310707532
0.009839440724018499 -0.9667566522500887 0.2555088271203945
-0.3036930508550644 -0.2505193440247869 -0.919244575252818
-0.3816121093355607 -0.2985245529019974 -0.8747887112458222
-0.2262849250197582 -0.2006448813845842 -0.9531719489593515
-0.3664857102872445 -0.3897695192673238 -0.8448478833526027
-0.450674983266626 -0.3423358359970375 -0.8244381328212784
-0.6345828950785125 0.3228611365235208 -0.7021860407303139
-0.3123527652083456 -0.9486046224063571 -0.05084309605042552
-0.6105297622422526 0.7501357961474415 0.25406632353514
-0.5466643563500163 0.774091281531899 0.3192816458124782
-0.2796934771245576 -0.8238914117215564 -0.4929244369530034
-0.8835469817767433 0.4412339503761209 0.1570265328811982
-0.875277527909351 0.4788704839296251 0.06761884913174733
-0.9169633160571371 0.3908094627735709 0.08028848492861106
-0.05704327756676267 0.6572667655536358 0.751496149945629
-0.09580746261425169 0.5823426497033569 0.8072781233527216
-0.5517406504037032 0.1287838193711388 0.824012732037728
-0.484012375081286 0.0822290720613115 0.8711890727483376
-0.4756839025616756 0.1782946828777298 0.8613569706580565
-0.4358066208418516 -0.4319174555245451 -0.7896327632789872
-0.5168773895332256 -0.3818345096797339 -0.7661854680212588
-0.5006365926774446 -0.4677636020099303 -0.7283956443492876
-0.5804834725660114 -0.4185436881153154 -0.6984698413077935
-0.5928467289248922 -0.3277645510129643 -0.7355971418530155
-0.6524465013134116 -0.3622252909388631 -0.6656623780326963
-0.6359330933964465 -0.4506728203494598 -0.6264847242523076
-0.705964067307313 -0.3928408812765198 -0.5893138193431434
-0.6869072563981883 -0.4795545271005514 -0.546063985852281
-0.7528830913166549 -0.4193159438897139 -0.507288073986917
-0.7691142465689218 -0.3309440926500869 -0.546753402609193
-0.8123600101086274 -0.3556084421525742 -0.4621837836252265
-0.6715588749721663 0.7170514312660236 0.1866706253417113
0.9240280920586043 -0.3538730511712704 0.1447271527436065
0.9050226946232011 -0.3504097609862689 0.2411367280662694
0.859280297611219 -0.4256013141706816 0.2837267902637386
0.8775954932319815 -0.3435596241323651 0.3343545048671292
0.9340981694919954 -0.353747218235069 0.04820285616697264
-0.4644255556853005 -0.2469459467501388 -0.8504860978346898
-0.5081536453753374 0.6186645619566417 -0.5991944863487585
0.8273114033909491 -0.4163871690414886 0.377064407332372
-0.5612160291916687 0.3785677106875006 -0.7360183808867554
-0.620892128187339 0.4131270223667977 -0.666197439611817
0.8936469604832559 0.3338202347205286 0.2999319271270887
0.8695385731570571 0.3063673788626635 0.3873521640068769
0.9090467322591174 0.3605423620425147 0.208909654496447
-0.8295387123716668 0.555863287824495 0.05367988380855184
-0.1889201640592945 0.1783922513560381 -0.9656528238802667
-0.1887077797146041 0.2738925514941876 -0.9430653445605921
-0.1869109690562167 0.0811917512878174 -0.9790159289660629
-0.1049367607367084 0.2291173612831727 -0.9677259482956541
-0.1065645037817631 0.3305764988716021 -0.9377436669621076
-0.01974036605076267 0.2772950028228854 -0.9605820107401751
-0.00889952346689581 0.3679423248371638 -0.9298060249726742
0.7505792173783332 0.5963532844326094 -0.2845937430551982
0.04962824448498861 0.9466119316340238 0.3185323974691436
0.1455265029983097 0.9443438193805556 0.2950199785147228
0.1914334756876959 -0.9036654252443077 0.3830692151611153
0.2811095344138122 -0.8885702799504545 0.3625193612076751
0.9194500080978467 -0.2639656965922696 0.2914340296386603
-0.3121172317170502 0.8418950605956084 -0.4402221491588107
-0.2222562120428757 0.8779037205543434 -0.4241311514675543
-0.6376395022667652 -0.7673880514761422 0.06731599810328621
-0.7089593852224932 -0.7020304154464323 0.06730442699447037
0.1808793777130232 0.3877845453127628 0.9038284113341002
0.07662750434087827 0.3839421869280404 0.9201720614512279
-0.17405649967695 -0.925272585325845 0.3370088689702908
-0.2755089824057385 0.02593291956651133 -0.9609486376994929
0.8042303536268546 -0.300780002590902 -0.5125865081590048
-0.3165765433218941 -0.9474633585727922 0.04574359387198958
-0.2264743906861259 0.7894813281749038 0.5704634807124271
-0.2462149731157113 0.8367615349127687 0.4890892768238297
-0.3348975180287423 0.8267361135924012 0.4520520444598394
-0.2645491682207343 0.8761436689906078 0.4029714740293586
-0.3490692029482202 0.8628717340302851 0.3655175264808286
-0.4504153809902262 -0.3051987041231826 0.839035002588664
-0.4271746014007887 -0.3953809848921521 0.813139432510679
-0.03888384256148639 0.9428425362003985 0.3309622315595148
-0.9042789337066327 0.4268240199971171 -0.01004320705232649
-0.9415549887476681 0.3368518477871913 0.002244060323016293
0.2439977992716896 -0.5401245537732215 -0.8054381046125461
-0.812187558830102 0.1815048662014201 0.554443281884454
-0.7513426243743524 0.2139711597035104 0.6242600448638337
-0.4881593140808529 -0.4452162505768055 0.7506550301559581
-0.4034814742892202 -0.4846044902750003 0.7761193129350051
0.7090674756157336 0.6113303904301844 0.3514234891984449
-0.5270093486986774 0.6373904099666777 0.5621339801743943
0.9506620457247917 0.3048285010662574 -0.05763037181949041
0.3629958790408123 -0.8850586033194568 -0.2913850725236286
0.257684085551405 -0.7674064373924474 0.5870998823898436
0.1312390853563386 0.3027538585054366 0.9439896205122712
0.03370538459409355 0.2982914188759174 0.9538795398132598
-0.02177154648519113 0.3746207911949901 0.9269224684773171
-0.06412195116318124 0.2905661779097669 0.9547039706809312
-0.1193915828065987 0.3652901564888336 0.9232056929673357
-0.1619874987991655 0.2820604400379543 0.9456225242655686
-0.2158912867135165 0.3528201114749107 0.9104443537416297
-0.2568884620205903 0.265656183679246 0.9292120910500866
0.03943500380567551 -0.3199210989368058 -0.9466231409224649
0.2794572845229878 0.3152246090859503 -0.9069382955602038
0.3707241608844484 0.3213180977128007 -0.8713887058131685
-0.3050108086608386 -0.9407067466748621 -0.1484561327815663
-0.2192379576874139 -0.9566892803270475 -0.1915211184605179
0.1298394167575311 -0.3525210376121838 -0.9267527415103197
0.9333813080070217 0.2717957063614276 0.2343638791848993
-0.3933310687998071 -0.9193968387448147 0.0003510311132692526
0.8415848983710198 -0.3323805885042185 0.4257440583489446
0.9192473354042981 -0.3181464968981071 -0.2318774306903556
0.8977030571620798 -0.2968011739797755 -0.3256352012391824
-0.7268526671013777 -0.4942181246501637 -0.4769000373190266
-0.2895434275925893 0.8886954315981624 -0.3555067276360474
-0.2008621376335581 0.9196441094959541 -0.3375042422469253
0.3992789645912702 0.4476377510833511 0.8001229607003932
0.3272333135163074 0.2523471130057431 0.9106257700520037
0.4252361601512082 0.2573955618278582 0.8677106273701949
-0.115926082595172 -0.6518564417343046 0.7494293313873086
-0.2120592811757686 -0.6335588109136376 0.7440659207226963
-0.26670528250259 -0.6834093266944241 0.6795733841700156
0.1523822199845856 0.4608777986257707 -0.8742833143589285
-0.4085332602522661 0.7987670005919729 -0.4416693944942952
-0.5596319121147143 -0.8263441942307571 0.06298726541095065
-0.1568225112488455 0.8361358144159997 0.5256268636746971
-0.616695636952388 0.175690508239823 0.7673456435520574
-0.4029143574415824 0.1298766704756323 0.9059757563166912
-0.2820756993002533 0.906721753405656 0.3135107043870209
-0.2940601376995439 0.4708158329918484 -0.8317818745442324
-0.3718503284937082 0.5045198186319937 -0.7792221030018729
0.7612689910675932 -0.4543200103893068 -0.4626692678347989
0.7036423184578463 -0.5467608818703261 -0.4538061543562957
-0.5376434386149488 0.8112324382581168 0.2298727126739593
0.3370068584575962 -0.8411888191699105 0.4228802996783761
0.1883607840549216 0.3077261865206817 -0.9326439884326998
-0.8247743604781261 -0.2655796325046476 -0.4992140954506338
-0.3582873432120695 -0.1119799450802006 0.9268714428624242
-0.1958328272558986 -0.01825321718085327 -0.980467400698009
0.37328108380621 -0.8640276900858607 0.3378126451708894
-0.04524109963833155 -0.8905167589090239 -0.4526954218960933
0.04106957575909356 -0.8689948855467052 -0.4931137585189009
-0.3175509582269982 -0.1529444406710874 -0.9358255109778336
-0.310339632464754 0.337330966707877 0.8887615717511478
-0.270853748898441 0.4243696492888366 0.864030466748789
0.08060028268357332 0.970752697625733 0.2261477271247496
0.1748568111182738 0.9631168907134684 0.204526160742261
-0.6629816895086996 -0.2702292445791928 -0.6981628998667495
-0.3572730708695637 -0.8893125361826882 0.2854455566649211
-0.3389962777104468 -0.8631981611270726 0.3741262598713195
0.1234069404630214 0.9836496775719799 0.1311641675843538
-0.1054854137737228 0.2035524967062278 0.973364889733366
0.3388085628111128 0.2371512382475674 -0.9104768245065405
0.5773021708681214 -0.2535008909910498 -0.7761826471763578
0.9437008684971124 0.2990931184151505 0.1413222463538437
0.4283630192878674 0.2418968905252837 -0.8706267960847409
-0.08124697822540242 -0.9181984276687271 0.3876990791269931
0.1909328769108522 0.1686656115624422 0.9670039027795145
-0.3314466498592064 -0.20616960812989 0.9206721517351745
-0.05053605269997562 -0.9603531690929203 -0.2741676457766127
-0.9128603681815386 -0.178466778379798 0.3671996149483303
0.2005621033967805 -0.7972890682267427 -0.5693021907275533
-0.7614482437043116 -0.5940791488229261 -0.2593579323896741
0.09773116013753161 0.9182262655097259 -0.3838087357867647
0.5727643590963284 0.8013795021908867 -0.1724293548594866
0.6368456431810322 0.7404764437858173 -0.2147609437482677
0.5646003344502455 0.7806421436158077 -0.2680005708008615
-0.4941943226095529 -0.04177779055619695 -0.8683470433626913
0.7015150214998724 0.7118575376932164 0.03369748713753692
0.7615487412903987 0.6480455027338826 -0.008974465187342835
0.7559663893872661 0.6494336450764332 0.08216300115938954
-0.03576082463469919 0.5199474293200866 0.8534493741077321
0.2958329360469147 0.6183436920938539 -0.7281029820002136
-0.600351041314529 -0.2343252780964007 -0.7646373593002145
0.8080161831994487 -0.4929283292576636 0.3226941429636482
0.6556161138494554 0.4110489099559799 0.633408481854276
0.6117937896492978 0.3597615140427066 0.7044714415505077
0.6824132053107368 0.3196779424331041 0.6573570037196402
0.6351655822640812 0.267974238069409 0.7243994000813712
-0.4963452210611084 0.6866773469840897 -0.5311455946053696
0.6988217642138278 -0.6808359035229559 -0.219341319260995
0.6813991196687029 -0.6615122291160852 -0.3132041034925703
0.62908053387551 -0.7291200557601485 -0.2695211052723353
0.6097460631191842 -0.7047886105024629 -0.362605506048465
0.5664605434310009 0.3930887850124624 -0.7242952849724216
-0.4338928129656523 0.3037784207626351 -0.8482073437171556
-0.7019555730177819 0.2643507092254071 -0.6613448994596555
0.3460769747444346 0.8791560581953578 -0.3275902209928443
0.3588178259482152 -0.9275085556566791 -0.1047742667140045
0.3622612526357156 -0.6367766996051939 0.6806483818233309
0.6911323022380319 -0.527848888408306 0.4936716437160164
-0.3392054802949189 -0.4328656906692547 0.8352047269857389
0.9559571469738001 0.2564111992709189 -0.1428258731398538
0.7637693472795396 0.6367866480578985 -0.1056368733509856
0.9567639094508592 -0.273425243386374 0.09920412214928433
0.9622986855689986 -0.2719687696914175 0.003772010699134206
-0.863223230481362 -0.2901266436542618 -0.413124902419637
0.900370792894007 0.4337308849570197 0.03478440365764109
-0.1274881208102244 -0.9031624466756997 -0.4099321577615515
-0.9244346561374974 0.3710058897356427 -0.08817707362694056
-0.9571988467479267 0.2793375167979226 -0.07576885569684597
-0.9725665915411659 0.2318908466384915 0.01846240134117679
-0.9807299041292049 0.1849197808178787 -0.06303594061317833
-0.3506624536888168 -0.4781505721325494 -0.805237774785966
0.2391865585191422 0.9321408178430739 0.2718515880671186
0.7829279743358331 -0.2295526604373808 -0.5782122128496678
0.7189274126887883 -0.2421995712575069 -0.6515234017034878
-0.1902285834751293 0.7387842836672472 0.646537600016672
0.5397798640276787 0.318173910175043 -0.7793606747034292
0.6178214826521989 0.3094794215215391 -0.7228548285984761
-0.6876228867529722 0.02550216608374143 0.7256200142902249
-0.5464283981772806 0.7321584042140176 0.4066449025921692
-0.7768967102752188 0.1197419847427719 0.6181370063775542
-0.4588952048368856 -0.5293582967755653 0.713578996756901
0.7052570878977203 0.2253946415736933 0.6721679072373907
0.7499817421122628 0.2761336460753983 0.6010637204185277
-0.6129901595646092 -0.5348402476944327 -0.5815401737826139
-0.1556972427340336 -0.5773801931184911 0.8014926582317977
0.4318386925548856 -0.731748169343129 0.5273139105651078
-0.3792601191588845 0.8834176031759342 0.2752001097646521
0.5572448748813155 0.3069188882830494 0.7715432233087166
-0.1322312666342927 0.9058654995288692 -0.4023960597317064
0.2045864189471703 0.6122832420285826 -0.763710435121415
-0.5902281064108998 -0.7944854587971222 0.1429112947339354
-0.2694966664177035 0.9249970898213837 -0.2678655084398066
-0.1770792511529989 0.9521207901878098 -0.2492166521387237
0.9634519632092012 0.2087504183623346 0.167879651601635
-0.1331964524198085 0.5081543866390695 0.850904121744776
-0.2963237594813121 0.9281716735064143 0.2251434521969579
-0.779472204031446 -0.240568043752121 -0.5784030596976795
-0.8313559868776088 -0.174550873236413 -0.527616542325165
-0.5461078500769905 0.4676622195529576 -0.6950239308736704
-0.602407745529538 0.4978478823305608 -0.6239009490175467
-0.2945593531526108 -0.9244667045953676 -0.2420663123296935
-0.9616344325791041 0.227100698610222 -0.153897663299394
-0.3975231707119367 -0.9129947923548831 0.09173787592915192
0.7874120221089861 -0.403721261260763 0.4658234114385582
0.2267492010905025 -0.9264206466600972 0.3005488067630717
0.09313242318752396 -0.9157623869660138 0.3907756419859466
-0.2380783317083393 -0.9521035602171705 0.1918789164884007
-0.2137885198156027 0.4344452283500626 -0.8749581774913106
-0.1367702607400414 0.4866265439158632 -0.8628374716791126
-0.5857593032359829 0.6193387913877814 -0.5227862853545588
0.8523150028163092 0.5217865209496704 0.03602724704267607
-0.3708495277241333 -0.5665196553618944 0.7358845751036148
-0.4295005017209707 -0.6100170393995038 0.6658892780813479
0.2624169352160732 0.947812009277534 0.1810793946894207
0.9759360102472683 0.2100094979418682 -0.05869339551302403
0.4672739312097766 0.1658977654817637 0.8684083167611413
-0.8322736155269284 0.08568383678922321 0.5477033038158637
-0.1674258702558789 0.806130191565916 -0.5675585363774922
0.143226023278225 -0.4418141772367826 -0.8855995364997038
-0.542582186660579 -0.4874045724441476 0.6841354788922749
0.9018598765266245 -0.4205301983232779 -0.09901068331026751
-0.7367816931051244 -0.1163807104714007 0.6660392382850414
-0.8763163200390018 0.3539436837071632 0.3267928640547486
-0.1890773380612893 0.5681741828441497 0.800891914168847
0.2248619546231568 0.6779625850302012 -0.6998598678751486
0.424306611413783 -0.8145734312400399 0.3955174138118081
0.4612109786306823 -0.831151995081019 0.3105974794865054
0.5570056860488488 -0.7685883624199461 -0.3146690243126526
0.5702320332255264 -0.7908409617451474 -0.2222746083327839
0.7977540187612536 -0.3179381376492555 0.5123513112878628
0.8479704368270065 -0.2450279548753559 0.4700079143982752
0.7620029968370772 -0.1582664195779746 -0.6279356441907736
0.8509546135660243 -0.3665121299410433 -0.3762248054777595
0.2351452470816483 -0.2580563787829084 -0.9370771676571586
-0.07400259234400809 0.9788882612649105 0.1905292320987174
-0.1462055204244084 0.9611687580251 0.2340482095507556
0.7108016625513641 -0.5688348343777837 0.4137486286534567
0.6598831989505919 -0.6467023051695897 0.3825314264620261
0.724919173550004 -0.6077344427492416 0.3242700092759857
0.672635655093482 -0.6804317782693272 0.2908158706436144
0.5919965875151326 -0.7265138552337951 0.3488805791725388
-0.415048468954663 -0.1674220361437534 0.8942620590363151
0.7726988084743625 -0.5024793797834639 -0.3878801674160798
-0.5262458217494602 -0.8499602483468018 -0.02515772886168592
-0.3794520714341656 -0.9022308007494332 -0.2049285428225106
-0.01184159688571457 0.8749072641279991 0.4841456968302578
-0.683783192039768 0.1210017727010381 0.7195825993498676
-0.9200377951265437 0.3544493577277122 0.1670212811144147
-0.1616610849581905 -0.8870355663015131 0.4324738116074713
0.5882578892023476 0.2334290238742628 -0.7742503126278397
0.6648917085604097 0.2276251802551197 -0.7114111281118981
0.6909262444898793 0.2988792579083413 -0.6582492794278402
-0.3820450072165661 -0.0168073526522711 0.923990868654943
0.9370748996832892 -0.2309687958805869 -0.26180918187303
0.9108701996184022 -0.2093268927436661 -0.3556651956846686
0.9529536393861945 -0.2492014351796769 -0.1725630490139645
-0.2084354909630321 -0.9352287383441319 -0.2861849980034643
-0.2826003691451338 -0.9005855350829728 -0.3302767405651654
-0.1298915107023334 -0.8573725263015702 -0.4980366920124749
0.9803426136181194 -0.1900108196310833 0.05314365764151461
-0.4152738031570717 0.8094656069807028 0.4151061304375351
0.6271387625102453 0.716972359932545 -0.3043806952647872
0.5572329965403374 0.7518979986410932 -0.3523361849231428
0.492242159714809 0.8118405245441003 -0.3140264621130847
0.213524111135434 -0.3877648377800036 -0.896686056847808
-0.2511980307725111 -0.5571056750069744 0.7915382594739411
-0.1837345357619574 -0.4113403134502856 0.8927713967746496
-0.1914145067598315 0.9126504151168219 0.3611505314809647
-0.8481603006815773 -0.3741430511066665 -0.3750214415954517
-0.8992671665653543 -0.2996432494657369 -0.318641626576211
0.3555553995999491 0.3837299499109296 0.8522509509274109
0.0997264081270412 0.9949870133579694 -0.007448944292120303
-0.6720192502672342 0.4444554077610819 -0.5923255167407485
-0.6383481593541018 0.5319293816990434 -0.556383644920035
0.8422477617205506 -0.2194327670813255 -0.4924103660644804
0.7335282455576299 0.2179871078657885 -0.6437530068073116
0.7573248714078669 0.2857884236093474 -0.5871831197147463
-0.02036054435527158 0.1817864910475135 -0.9831272145079645
0.06493263176735106 0.2288561635640137 -0.9712922370381259
-0.6618107413105709 -0.1919758754990582 -0.7246735857697055
-0.4031541786159031 0.2262612835277104 0.8867201023101537
-0.4658648399920591 0.2738772334511492 0.8414043093877747
0.5018889240483065 -0.8204948536989244 -0.2736707930547465
0.7905882374158334 0.194664711432807 -0.58058237054057
0.8224100893416947 0.2524459832196678 -0.5098163105523802
-0.4914223895135993 0.4286477530286859 -0.7581326657704461
0.4313961828410926 0.51422742823886 0.7412607405474693
0.3778318607478205 0.5899744063353405 0.7135637917335087
-0.8855667962387496 0.453963348592041 -0.09843133410930728
0.8707734461478951 0.4775353591617404 0.1171050222406641
0.9685204960602557 0.2358707464130187 0.0795803976979355
-0.9798475593764608 0.1224069452961792 -0.15784581124392
-0.2974423034708943 0.3877023146140368 -0.872476355753465
-0.3694790089407881 0.4265086389203185 -0.8255759461602975
-0.5601218501731541 0.6943909960980397 -0.4517572993284944
0.5825897552984227 0.2127078056939785 0.784439013829741
0.4593254928628218 0.3526527869764939 0.8152644377403183
-0.4097890151866545 -0.07746203449881169 -0.9088853592415584
0.62102702163561 -0.7390218629414884 0.2610979212726433
0.6800632321686573 -0.7094459502418656 0.1849336203553466
-0.5109047072466695 -0.8472573542458229 0.1453662814739477
0.9764319651148904 0.1597049036973589 -0.1451721779022786
0.9519691271351521 0.2030823226096287 -0.2291557357453992
0.9363589948817473 0.1529323676467759 -0.315980258291551
-0.9948308629550068 0.08878037583176117 -0.04929096245122075
0.2340093151929518 0.2498274514365065 0.9395881464299481
0.08851939757110953 0.2188726922785961 0.9717299320430378
-0.4742564897584301 0.8304578009388411 0.2922680666474466
-0.4603891997969591 0.8632059244118998 0.2071649506323719
-0.521701786641381 0.8417879131192686 0.1386374954386361
0.9478429536049262 0.1673309980694288 0.2712822743685593
0.6591027314884134 -0.6332575635441948 -0.4056703681051679
0.5862317098951919 -0.6744346615421786 -0.4488543969082253
-0.9916759973780637 0.02741280453118531 -0.1258064162591001
0.8160044057568395 0.565506889665644 0.1197445928888499
-0.0514875883859179 -0.5856057822194243 0.8089591436366725
-0.9008165280516223 0.3978116535564854 -0.173998480118867
-0.3685733853300762 0.8847683354743185 -0.2851993200698956
0.2748606928953019 0.3318118062526732 0.902414829627956
-0.6825937706225498 0.2235539190836765 0.6957653265071629
-0.1009522558483963 0.03635564971847478 -0.9942267894060527
-0.09605628735869551 -0.0616545294090482 -0.9934645985953463
-0.3688448540161628 0.4015773686945132 0.8382655251280388
-0.3285570570516379 0.4788889593759198 0.8140734763210354
0.9918351852270645 0.1131706886562755 -0.05878231515225511
-0.3352005217338667 0.9217365709781149 -0.1950443640581549
0.9747557696267652 0.1125190555004129 0.1928487794325586
-0.4828540239656666 -0.1398209621478808 -0.8644663614532403
-0.3207475712445104 0.1852681276135439 0.928868514070382
-0.3333451167304164 0.07763780862966753 0.9396027904509268
0.9699911186025854 -0.1907830079206335 0.1507284768080036
-0.2706114381968358 -0.9087562439348584 0.3176972436557299
-0.2524828329595054 0.1328129453242785 0.9584430815729397
0.9425014098396874 0.3321275599986858 0.03718032193944572
0.821845734867913 0.5674137922029793 -0.05109967218343366
0.810159939797318 0.565726941214465 -0.1536030596431306
0.5043777210505226 -0.7807535423070968 0.3688184115290363
0.1282785846475653 -0.271565518867195 -0.9538326759359885
0.02590832729347697 -0.2265565334240063 -0.9736533755601894
-0.4549586468730559 0.5163101185976687 -0.7255594331749119
0.6295508672586306 -0.5989025206496095 -0.494956034707579
0.9806506221269058 -0.1923550001925406 -0.03638559087111876
0.4009817147061118 -0.8816286317362444 0.248886761749644
0.7646585722920877 -0.4875378392498059 0.4214310419509417
0.7716440754177537 0.1828107572148252 0.6092172419746688
0.8110704710692136 0.2296435791229435 0.5379856108923066
0.728152216482999 0.1350112113510029 0.671986846925169
0.9065752987381007 0.09585326266156882 -0.4110150602533388
0.869121643248957 0.1727978916774734 -0.4634311792144037
0.8632948552796992 0.2689186832096885 -0.427088673074305
-0.1746565177879498 -0.1095784571006329 -0.9785129853679165
-0.09075984235097631 -0.1579122942713499 -0.9832732877152641
0.5348323561591366 -0.7430374081545053 -0.40230555662121
0.5031576589640187 -0.7082896487649918 -0.495134470298941
0.4341852373299263 -0.6996122303107996 -0.5674732653476323
-0.3787193189126539 -0.9055731994264938 0.1910729126872755
0.3327558023232505 -0.2420005888758094 -0.9114325487955602
0.9378728116835647 -0.0852644810197284 0.3363399431842747
0.9084146067791706 -0.1739411636590487 0.3801675601299784
0.6957356735961536 0.672469589167479 -0.2524609358507343
0.6832730878696163 0.6389137610118992 -0.353450270027835
0.9655098347595827 -0.08382439460914862 0.2465040158921007
-0.1839354472504672 -0.4996436058654111 0.8464774175148326
0.006282758594123873 -0.9389837966155115 0.3439039933440257
0.08842932692171093 -0.9513017954031746 0.2953051780834016
0.09317981947508704 -0.973716038320798 0.2078331012121035
0.4849770535932704 -0.8483461366728705 0.2123819433949256
0.3330773479783526 -0.9232134602434363 0.1916673866077597
-0.402231144830366 -0.1973393106056026 -0.8940175068857201
-0.3312103039902961 -0.05412938557400608 -0.9420030489059131
0.1023518553341801 -0.1693732520617452 -0.9802228313989017
0.3003270047107721 -0.2598241962933028 0.9177663522171616
0.3415157239162923 -0.3493991476590389 0.8725177625315532
0.423619073896068 -0.3448630849375312 0.8376254132240776
0.9118322075539456 0.3920827995069917 0.1217912295613214
0.9423155169261607 -0.1690642036428139 0.2888923010514534
0.145887979264721 0.08352863212578635 0.985768565699501
0.9383017081406188 -0.08241779232005648 -0.335852961888808
0.6839711500318549 0.07983496277981385 0.725127467857926
0.1463865791117689 -0.06842477359501452 -0.9868581558736923
0.6688805056941798 0.08474848167616433 -0.7385232318322038
0.8534038726335149 -0.08304578880096045 0.5145922921464582
0.8185332666373246 -0.1665135218934989 0.5497968155915907
0.8548285789385535 0.08216256141869978 0.5123645324678628
0.9008938303945179 0.08268448865904948 0.4260910485944115
0.9120773203801819 0.1646786994563188 0.3754941911581089
0.5119494192190286 0.08474848167617062 -0.8548248282630092
0.3579477536437865 0.08881202453247664 -0.9295083807905176
0.4304575552772672 0.08005538453679105 0.8990536293855806
0.5932717279823626 -0.08474848167577848 -0.8005287950039471
0.6251615464344253 -0.1674864799566113 -0.762313137687828
0.803297558154827 0.09484038440564922 -0.5879781752312588
0.9954231910192038 -0.08147411876005532 0.04994635876035512
0.9020326027895083 -0.07514533392392049 -0.4250768898614082
0.9845934798919499 -0.08947980563336737 -0.1502299695070032
0.5126730642210895 -0.08539282309063662 -0.8543268665954324
0.5476517589425479 -0.1722533070929697 -0.8187834567959154
-0.4473468358658541 0.3657805792992967 0.8161405370696149
0.3801253869183452 -0.4097780848160147 -0.8292084245982414
-0.3838667365951751 0.5263196844146906 0.7587054226334428
0.5995643723620063 -0.3319748189987404 -0.728227493950144
0.651131599760911 -0.2465540267138816 -0.7178013316398679
0.4003668949935163 -0.4867333029678499 -0.7764000522766971
0.3291659826086176 -0.5546804884731196 -0.7641853908578237
0.04387224070733711 -0.3025669616538145 0.9521178814678867
0.5823581621022089 -0.5665849039762468 -0.5829584184306495
0.6740558843485865 -0.3272087649403038 -0.6622560599354951
-0.2447876152784049 -0.2273153083480317 0.9425533268717219
0.2845888781559458 -0.924208020919901 -0.2546540879256801
-0.01962866321430224 -0.664242583532994 0.747259329685373
-0.225288626077375 -0.7505902029575428 0.6211758061807651
-0.2763001455786648 -0.7903858193877629 0.5467618184035378
-0.2256599044535602 -0.8443777278025631 0.485905196836781
-0.3106111003867825 -0.8310007115029778 0.461474334928885
-0.8074511293675453 0.2435314706693669 -0.5373221533462872
0.2048143222824221 -0.8484920865206709 -0.4879674912325518
0.7369875872790169 -0.6354499244837161 0.2303316948886825
-0.6432862910575189 0.6663075882718826 -0.3771166206212189
-0.5049231385326423 0.7672070522818832 -0.3955325057479976
-0.5217724780484588 0.7984188517122898 -0.3004676661166708
-0.440090403809196 0.8304810506032193 -0.3414991377207733
-0.8190303039869354 -0.5161327739920183 -0.2505919407370717
-0.7778828572258549 -0.5325111241451733 -0.3336617495245504
-0.1795327172868312 -0.5583066625859523 -0.809976341590137
-0.5921303215403398 -0.6837973920774733 -0.4263834059864197
-0.6609767907532815 -0.6219448040243966 -0.419874198817393
-0.14070125492954 -0.9803714410941168 -0.1381122527087922
-0.05179957423643442 -0.2881937753777875 -0.9561700434245058
-0.1357296634849933 -0.2410432227740179 -0.9609763905554422
-0.9465986558460012 -0.1236657838805735 0.2977545275016772
-0.1484044858969386 0.6373812031677838 0.7561225498648044
-0.6967160726987607 -0.6669268221217961 -0.2641880541919666
-0.5689154263178938 -0.4017106697673379 0.7176097654663054
0.03241010185002346 -0.9739275648446815 -0.2245321440991905
-0.8715376562302308 -0.2003153122878765 -0.4475442876808133
-0.8727012259740637 -0.1065670396714004 -0.4764829863059544
-0.8215751758793401 -0.089710026607021 -0.5629976389870555
-0.9702982300852786 -0.2397862711393273 0.03199826349152117
-0.9496135496200903 -0.2932007943220228 0.1107582980497051
-0.9175104165006869 -0.3849104777875221 0.1000927554926811
-0.9197132884315855 -0.3439840686359196 0.1892152943264317
-0.883016017524068 -0.4342977248886603 0.177955609499865
-0.8810916088673618 -0.3911757809197557 0.2658177669106096
-0.8400652661981866 -0.4794827791830759 0.2537451733417675
-0.8339162168733857 -0.434242400641782 0.3406130953449125
-0.838237433245971 -0.5197720434472334 0.1649091518257661
-0.7909017531451162 -0.5631881084092829 0.2393607558025235
-0.8706443833534531 -0.3453108471004496 0.3503409433820934
-0.7848077020272964 -0.6015063384519818 0.1492212975440308
-0.7383000425651939 -0.6344581279981359 0.2288578837736072
-0.8242562083487742 -0.3801161607691501 0.4196586795487778
-0.7396651387557108 -0.598029003526617 0.3086369930038465
-0.913278611275954 -0.3008403611249465 0.2746220226130398
-0.7889207618638974 -0.5203610650119693 0.3268461312601033
-0.7751069362811863 -0.4668872472990055 0.4257059262429291
-0.8794225002006208 0.05147987933907341 0.4732503440718491
-0.8659015053308647 0.1469982580906628 0.4781276975704852
-0.719945181397984 0.3069311109341212 0.6224726732335887
-0.6496347742586628 0.3203178619498226 0.6894716291405982
-0.2548350969449667 -0.5967676619972612 -0.7608728086607985
-0.56924128050768 -0.00189435854145654 -0.822168337976897
-0.917786491279621 0.2514910632706843 -0.3072787033291162
-0.930354180835799 0.1577911766271138 -0.330972873178423
0.05096674031201705 -0.8756138271756096 0.4803153308409476
0.1031476799228714 -0.9944453683874331 0.02095150160038754
0.01594479471126359 -0.9977660407947051 0.06487442761577777
0.1824803495925617 -0.9803159024281737 0.07537674348903543
-0.7926398752006871 0.3353291431459146 -0.5091919029195829
0.09383596536416543 0.8764083083309783 -0.4723381084483953
-0.9337327850992204 -0.1947689284409858 -0.3003467172199544
0.349841957634441 0.9069901449083732 -0.2344770387854433
-0.5411918377826082 0.2240380235875128 0.8105050022698714
0.2718872932762 0.8641363985299164 0.4234921303763353
0.2108378997729095 0.9084644115097249 0.3608875074585404
0.3006920968676545 0.8939916692671839 0.3322095094397619
-0.8688803372558013 -0.2373144411028022 0.4344292987061414
-0.2365046280805395 -0.9666971328647499 0.09778657478180602
-0.09276236293533367 0.7793322685064545 -0.6197066719725042
-0.182141461879687 0.7460054884595194 -0.6405468749846529
-0.1121903905477964 0.9424414568303723 -0.3149879628115626
-0.05106007463810697 0.9262314129523528 -0.3734812424181956
-0.08659039268484067 0.9677723636580884 -0.2364714698104651
-0.1442539964605322 0.9771921505818901 -0.1558405767003746
0.4791004063364923 0.4344129992432688 0.7627241616316318
0.5034505755929775 0.8543348678379752 -0.1290327537153616
-0.940065776227503 -0.2562544029368406 -0.2249667027390179
-0.4673830348946323 -0.6697269155548345 -0.5770779473122244
-0.542422638219807 -0.615343648544347 -0.5719526866295809
-0.4751179271688242 -0.6068403734959332 -0.6371873479425938
-0.5845938073404792 0.5625766135936987 0.5846004056247386
-0.6032003498157196 0.615105786999155 0.5077343880242342
0.8287048623401579 -0.4483492238499975 -0.3350092903292157
0.05154241139441324 0.8338709962613412 0.5495475788517017
-0.1273649593915353 0.5657794746843082 -0.8146605140456612
-0.7877577348497139 0.5904533899865727 -0.1755065395870254
-0.7369632743142553 0.6626644020609432 -0.1332704864297578
-0.7367254603202916 0.6752364509959007 -0.03593509930854692
-0.6765314273829196 0.7363923687294697 0.00561311323869359
-0.7332822471581723 0.6770911199250256 0.06200613938422437
-0.7864762669883935 0.6126875795081814 -0.0779038598556399
-0.4631290451096455 0.7062221565075096 0.5355014035777222
-0.3994860439502588 0.7704832697058946 0.4967559076571568
0.2394242860681379 0.7393811811601566 -0.6292785394298571
0.4189651236235206 0.9014639289659504 0.1087704461717434
0.3479912275940694 0.9357115836734679 0.05784408091467497
-0.3990405946608517 -0.9109895890989792 -0.1042332594040249
-0.7355443625168546 0.5136655396697094 -0.4417263905694339
-0.5273363607188146 -0.2905040103291172 -0.7984508642656331
0.1932138410894091 -0.7385157999369045 -0.6459588414558862
-0.1511305543202572 0.8595694497956574 -0.4881597244026206
-0.07958145039048758 0.8365153623269472 -0.5421336010106389
0.6346466531799728 0.7690207432323248 0.07635916504167845
-0.9841999813830106 0.08989275870291956 0.152544054549695
-0.9853462767477461 0.15121942719971 0.07890120237832768
-0.9621912976748684 0.127578086464772 0.2406485789127788
-0.02073479051722388 0.7237568202897804 0.6897435273681322
-0.08160966708568701 0.7662331612474821 0.6373590862636646
-0.05748774349499625 0.8264037167803172 0.5601357480464275
0.1022322358164293 0.9523121599098398 -0.2874893390159536
-0.7182886058415718 -0.303463386620478 -0.6260762347342386
-0.5606575738185217 -0.4996181671367436 -0.6603368625079549
-0.1727548429444841 0.8767360490777806 0.4488760012372126
-0.3490977615675022 0.07473645491333132 -0.9341012874284816
0.1821414315091122 0.533387512773051 -0.8260280020347917
0.09085793696758268 0.5236698175828041 -0.8470624283031254
0.05184313403199764 0.446970374623185 -0.8930452248699111
-0.008136419725474514 0.5113818896496664 -0.8593150537564133
0.124248994785125 0.3809381336047527 -0.9162141265340835
-0.8621598824699044 0.5061941781106328 -0.02116107526525116
0.7721066489105866 0.5600976012748303 0.300236572979118
0.7260789900795234 0.6355304908031347 0.2625077054576231
0.6595987801045129 0.6838872274025669 0.3118135812954083
0.6386745485348845 0.6563579888431965 0.4016080322098599
0.06081634619800102 0.530173919386978 0.8457050237742325
0.8639735501507596 -0.5002087161294257 -0.05780090784792774
0.383117130684224 0.6181517501371531 -0.6863742987457077
0.5561220390980468 0.6624051896691825 -0.5019438637225927
0.4871286351384274 0.7291723499554683 -0.4806385095772007
-0.9345708381462243 0.3153347024110301 -0.1647463928042456
-0.2791140045777092 -0.431102494778653 -0.858047790885925
-0.1909876048062821 -0.4726733655137519 -0.8602927550225344
0.05944413962318019 0.3301590969670222 -0.9420516784945401
-0.7339517587865054 0.6465899462092758 0.2079332999672759
-0.7795712213827677 0.6145469566144658 0.1208335586982257
0.3983172036522942 0.4014520212330286 -0.824730064883373
0.8336118276780522 -0.5022817505762986 0.22979200115162
0.730667501606474 0.4321856561433318 -0.5285267833517153
-0.104468902814286 0.1340348682532889 -0.9854546678752416
0.6926822668180955 0.456439425909368 0.5584391889107275
-0.5104534054130506 0.2500318302113953 -0.8227523350215178
0.7033474735205321 0.6927369898243496 -0.1594295907960105
-0.5022806639107725 -0.6847632853732892 0.5280278190267372
-0.4130675398339749 -0.7130410942294998 0.566522378618449
0.01420830324271033 0.9990932814609437 0.04013401373606933
-0.6634563800235231 -0.7343037917633649 0.1436090986254956
0.8493994106592051 0.3630628724361321 -0.3830221819036333
-0.4166314646772485 0.7380274154735167 -0.5307859800808343
0.06732563992989246 -0.4979303410173646 -0.8645996956409142
-0.586739798494868 -0.5298037499986459 0.6124086832741467
-0.9495416162324026 0.2997353655460283 0.09235491153017052
0.9409736728023833 -0.2765971659601075 0.1950962707886284
0.927326409841926 0.2998572877024255 -0.2239449410489754
0.724608946403754 0.3661579871094565 0.5838409057847802
0.2460495343675541 0.2297246195857127 -0.9416401785149725
0.1534519296287262 0.225411280986531 -0.9621030400623581
-0.6120168367354721 0.6652716630602405 0.4276084726491843
-0.2300560714345495 0.9687865323837055 0.09234099126637683
0.5872346807921012 0.4635653157545122 -0.6635228916204915
0.6416931480383857 0.3816667962732802 -0.6652521028776058
-0.590800269229632 -0.7586201484280457 0.274682566387465
-0.4765921078563874 -0.2144457502879019 0.8525684623022742
-0.6734444164754991 -0.5557783450885416 -0.4874249163190329
0.9314912162316256 -0.3365091674204506 -0.1381509838014994
-0.3659691662470937 -0.3483182304470309 0.8629837656031868
0.8192568697507441 0.3601982981981666 0.446178627167816
-0.3454210665430784 -0.8350543835341165 -0.4282154403202889
-0.5996338944405919 0.7867398073381928 0.146559435682157
0.4970776179474328 0.617722960318474 0.609370319289582
-0.4160251041428741 -0.5126549360680227 -0.751071254441283
0.2979460491606876 -0.8095476737328215 0.5058267645580987
0.7526413718794962 -0.6455983858156207 0.1293587630105322
0.6317292372111535 -0.7666321153237322 0.1148623985770538
-0.2689443292577637 0.6767475816969876 0.6853332462586145
-0.7060905065871214 0.1712526291773536 -0.6871016908052157
-0.4795095294095138 0.8759769341076603 0.05229743891253498
0.707820410354735 -0.6954490117765079 -0.1238585431221169
0.05372660617924573 0.6325005063377782 -0.7726943517788353
-0.3656969311560629 0.5832105346106147 -0.7253490379549964
-0.06185456512387793 -0.7395165058416259 -0.6702904969944961
-0.04509022374937265 -0.797308960215246 -0.6018847843920917
0.01305538040335802 -0.6969531951869172 -0.7169977690071779
-0.4745974119065301 -0.01629519077165891 0.8800521367335793
-0.2021991199749496 -0.8101249917874591 -0.5502844842104174
0.1862924772376678 0.9811868503191089 -0.05067028404814392
0.203248803015355 0.9726117309276748 0.1127667722988364
-0.6143090222453008 0.7876955318453525 -0.04647767527415669
-0.7295334325545748 -0.2115553275365162 0.6504039623003974
0.4469107076287578 0.6876690324011382 0.5721731567307622
0.2289639675957549 0.6675582018398446 0.7084783332602087
0.2859506546218136 0.5988521983490221 0.7480696943827492
0.2648320354033711 0.7223652062622833 0.6387898729674387
0.5861928118992401 0.7263404383797429 0.3588976941302146
-0.5642074858524766 -0.8189210850897568 -0.105062692252972
-0.7873010418054485 -0.4584075250984863 -0.4123343431065816
-0.009574521060613355 0.2243697905233054 0.9744570414579536
-0.0489887546984874 0.1252538079820735 0.9909145197740727
-0.146202413939953 0.114739271240934 0.9825781158733539
-0.3996116735040309 -0.6532413718160057 -0.6431066945284046
0.4339047686219815 -0.8996262031708547 -0.04898312296594267
0.8633987479466361 -0.2796065216189815 -0.4199557061313911
-0.0852457113457846 0.9082347351724211 0.4096862635278772
0.2802123844933937 -0.9465198459210641 -0.1599412418799216
-0.453998501399716 -0.8514896669243951 -0.2623941840967417
0.3401291466321604 0.8421511378190006 -0.4184419012018764
0.1230457607865501 -0.8851882234949097 -0.4486664125365136
-0.6900270069298938 0.3538044731416831 -0.6314151760072833
-0.8278965919752967 0.3910566367047921 0.4020720580751979
0.154831134297838 -0.5207264081005232 -0.8395661544862157
-0.7466985151382753 -0.6650354332961558 -0.01300768814544736
-0.9061264437988297 -0.4228561505222156 0.01129352974138556
0.2171168483159848 -0.7167405613807447 0.6626788376347539
0.2351644802468609 -0.461117532884741 0.8556098924723309
0.5867498243134676 -0.6798663034138949 0.439893683917422
0.2711751079748975 -0.651874883856516 0.7081830247978671
0.4501686526260959 -0.6179257701926267 0.6446052487566748
0.6589055482308269 -0.4791802500480881 0.579853228390155
0.01113345928888501 -0.8296901399050466 0.5581131765409297
0.4999889888450308 -0.4008715994436786 0.7676672272496662
-0.8077479536211908 -0.589480301708087 -0.007497820944883968
0.01166844346893684 -0.9869673161091055 0.1604972409713055
0.7436718726503392 -0.3055958675583914 0.5946118999481694
-0.6740213153070078 -0.1694513617240672 0.7190142575232222
0.02363215402321308 0.4520688635620118 0.8916699299034224
0.7567288579740438 0.623047538259505 -0.1979222084003464
-0.9088689614621107 -0.3460311554169436 -0.2328511334986352
0.5070076204781225 0.2493036084637459 0.8251005899792263
-0.9719683365776894 -0.2013730885762686 0.121352510841983
0.9206111397728324 0.246745360975254 -0.3026414647125509
-0.6583891203474095 0.5375570662533071 0.5268359960455454
0.5124146128287543 0.0809722758433269 0.8549121329729213
-0.8766166864943024 -0.4728542383024954 0.08917429158180606
0.01529464479227985 -0.2128053044773787 0.9769749107459045
0.657895454691293 0.1744157262260033 0.7326341004495988
-0.05428477358575633 -0.9820096038219118 -0.1808598942780713
-0.7279517969483953 -0.1951426203185653 -0.6572712826944492
0.4999413140940507 0.8365309814976594 -0.2242199800563647
0.3137516073914471 0.6837708936305665 -0.6587998891036182
0.6910366734772073 0.711587549199251 0.1269309880768248
0.6422070022447769 -0.7464450323011137 -0.1743272211123851
0.9031240715417373 -0.4293622446063969 -0.003869665157553215
0.4538782173825784 0.3214232180994799 -0.8310726073287382
-0.5060889382393602 0.3434567798291403 -0.7911456420793548
-0.5548881133842424 -0.09765711816774175 -0.8261732680836676
-0.6200048719508852 -0.4443070542610487 0.6466724056978432
-0.762904753405005 0.2074427198038552 -0.6123265919690469
-0.8380444508123142 0.4423111770166523 0.3194406379107554
0.3990195739580967 -0.68883584584392 0.6052177765720289
0.3036863189565329 0.1530256514826139 -0.9404029825914806
-0.08253842770433679 -0.8801559761675036 0.4674535972358377
-0.7154379818657443 -0.6115492054154109 -0.3378698913186118
0.8663798725784841 0.1712012789941751 0.4691226262520794
-0.1007575192963705 -0.5207397401658643 0.8477488102717866
0.313126984827673 -0.4800759702099517 -0.819437950182748
-0.833244532695376 -0.4515408843781309 -0.3190836543420549
-0.473614587876589 -0.8789542832759301 0.05593380070569933
-0.6726683106097074 0.5901882372867415 0.4463128818103408
-0.9695575650746007 0.1819358286363505 0.1638825258074084
-0.3302351409519488 -0.7249654928489775 0.6044582581607151
-0.2675639500173104 -0.5177842871699656 -0.8125939727877785
0.8842717531455068 -0.2696556714472845 0.3812470136870402
0.3621412893695115 0.8470403756693973 0.389071058445156
0.09689465094269779 -0.9885185513798685 0.1159417965900946
0.3591897641434182 -0.9117548227283064 -0.1992130933605275
0.4353831545787759 -0.8888894156632192 -0.1425381192205595
0.3094814459727629 -0.7050199192706222 0.6380972872769898
-0.6820232536404411 -0.07002132951702732 0.7279706689876827
-0.8408404843301702 -0.006632927877747562 0.5412423525364339
-0.8832062575671149 0.4009921878151885 0.2432117840596538
0.1234612525909735 -0.8359027004791834 -0.5348121113440463
0.6060085768353839 0.7495664738237645 0.2662774983384071
-0.9523557909118494 0.1878315929289654 -0.2402867874320874
-0.2719010328997367 -0.3831834224082345 0.8827458825163496
-0.3052707222516465 -0.2956895197978338 0.9051947271265364
0.8011945939873848 -0.0787490393739063 -0.5931996387078101
0.9123136725085453 0.2453520537133674 0.3278507780875373
0.1164627113620298 -0.7816627526227733 -0.6127314077345747
0.02146679965271533 0.9892628667726534 0.1445619484422563
0.02751106287237213 -0.7624213995998287 -0.6464957469712161
-0.4841727233883347 -0.868355354735697 -0.1074046173521653
0.7284851224141516 -0.4458849217497179 0.5200923600452967
0.1497530053886701 0.7278067018719943 -0.6692319792771942
0.3218704781019679 0.6591269473354193 0.6796698188258046
-0.1160237510843027 0.7046854557880157 0.6999692118837545
0.3868897912724309 0.8729531771998923 0.2971010599539967
-0.1336097099425191 -0.9634688140849779 -0.2321126659507453
-0.6125324454685502 0.789164853731497 0.04497595894766634
-0.9467981527996624 -0.2539411161628991 0.1977047479882263
0.6769705234953887 0.7025719114978707 0.219325373572251
0.6976344476361702 -0.1647861884940492 -0.6972457884799157
-0.8600053696120596 -0.01021167375465196 -0.5101827966107376
0.7886917545853641 0.3210947535353964 0.5242742369229131
0.9362012633738818 -0.3484315943634835 -0.04607188412110542
-0.827403976028984 -0.556249192295567 0.07739183756674711
0.2269798287190616 -0.4640591749084434 -0.8562296651821637
-0.07432155342986298 0.4459448894180782 0.8919694290151822
0.5790335080716421 -0.8047654989684391 -0.1306624972986775
-0.7504487811414441 0.2982938326653461 -0.5897859071537226
-0.4820794575198313 -0.1138055395727608 0.8687046079076235
0.5077303365405432 0.2404450789419895 -0.8272823395727769
0.4770562579666433 0.1621573268922453 -0.8637837276020109
-0.6035419374033917 0.2675479618447951 0.7511026680208616
0.7139398824996418 0.3690521452336033 -0.5950549203853986
0.4239443899705443 0.8627509192957706 -0.2755576263992809
-0.5479452362529399 -0.1951781418818666 -0.8134257870262362
-0.5238311909259501 0.5486202939756765 -0.6516261631112913
-0.2039502150149251 -0.864393362526262 -0.4595959362482529
0.4731682493841928 -0.2673228360458936 0.8394345174598663
-0.8382170147354295 0.5338298786738453 -0.1114356174797467
-0.7416624520367719 -0.02319344097379004 0.6703721888134965
-0.9172441619990392 0.3118620089743069 0.2478007962803785
-0.7827325162992107 -0.1521659688661552 -0.6034694075484938
0.790577040406588 0.5743170343227693 0.2124803220739723
-0.3392030479340912 -0.5545638138630634 -0.7598685864186492
-0.7910020186990154 0.0317558444030537 0.6109888483109421
-0.1774296686683359 0.4331479002173448 0.8836863749167743
-0.225233800129359 0.4925836299718241 0.8406135275874812
-0.5094157811969474 -0.5723147118951533 0.642612972492675
0.4105788544163167 0.6438880395251722 0.6456262052167766
0.7945687044044182 -0.5292920803099196 -0.2975070884908158
0.03935810992443812 -0.8193078645329442 -0.5720013656431623
-0.9994312216185477 -0.002303723288268788 -0.03364410963405499
0.1755415298506688 -0.9704180367681924 0.1657528437543504
0.5508461414853236 -0.7914117780394588 0.265020614275858
0.3147800310117334 -0.9072606344643764 0.2789115867574335
0.9642584477952216 -0.1663625731739494 -0.2062259443001589
0.3251244550943868 0.9148053951467943 0.2396355101187961
-0.540881376148727 0.687928271369429 0.4839442430550535
-0.9348733261117348 -0.2142807229840586 0.2830117239306725
-0.1441530842485159 0.4117654606870104 -0.8998161443799807
-0.2482844814835986 -0.8813757477528156 0.4019099495254947
0.1230220417421674 0.5893476686954988 -0.7984578277208941
-0.3527167136503809 -0.6483937391958108 0.674667680331102
0.4170679092160502 0.832243070142043 -0.3652750077718145
-0.2162687736707773 0.3548331172196144 -0.9095720292858337
-0.3148782619503851 -0.9389437977468482 0.1386947180819458
-0.6718325574413987 0.7342705715380674 0.09740504368311417
0.5512640861482869 0.1579696211236373 -0.8192395901841832
-0.6110884077300111 -0.1439268141560746 -0.7783675417852948
0.8702477023750355 -0.1512649992352725 0.4688153543958695
-0.127935241534771 -0.9379041212830834 -0.3224413640549967
-0.8651635282577426 0.4358153210333649 -0.2481069836284323
0.5067203809244429 -0.8427194547452008 -0.1818196253151423
0.4176905901069789 -0.4238534113944684 0.8036683747574961
-0.3835751427046882 0.9065807781558388 0.1760153475621706
0.349467702423535 -0.7536907210409631 0.5566171233258718
0.1396631744508063 0.6617609031676007 -0.7365912738697934
-0.7723613527670578 -0.6315547319434744 0.06779794474500643
0.7396138511098392 -0.0772153658736989 -0.6685874202521785
0.3939802302524902 0.1621697649615264 -0.9046991464031112
-0.2920798622800153 -0.622097963610372 0.7264182526081759
-0.6031221051665162 -0.6248871675940403 -0.4957416202376068
-0.735268180201287 0.3901625909119169 -0.5542146297567289
0.8085837973352307 -0.3701682191156811 -0.4573485894191254
-0.2431073531181391 0.9519559814442714 -0.186221975750356
-0.4082230453934036 -0.5868254222392202 -0.6992781056371608
-0.6264402017572903 0.6336697223893774 -0.4539111769380159
-0.06699444891465223 0.8843843033852687 -0.4619265609816943
0.9600994214807179 -0.2663242652474155 -0.08532576757823605
0.136390818698724 -0.07480869607460146 0.9878265047903451
0.7784841797096413 0.3485432620368314 -0.5219961459920288
0.8401875494106961 0.2734448470079472 0.4683084426529694
0.7798182591697442 -0.5625584999140294 0.2746113924074289
0.9863816938904848 0.07392238748212811 -0.1469239074714524
-0.3615476558649534 -0.8848992328677949 -0.2936607570114625
-0.2042530773126471 0.2031845973667261 0.9575994464290564
0.2988416826625411 -0.4056148321482465 -0.8638114705448007
0.2774576315116788 -0.3271450921459214 -0.90332350318187
-0.2364431539388722 0.6235283517098285 0.7451892575510354
0.7307016904067771 -0.5837401352132066 -0.3540091724488869
-0.2796831077708835 0.5496309196233943 0.787199600750383
0.9020068887317071 0.2005329521453111 -0.3823219949001523
-0.6805827350111255 -0.6356971263218174 0.3642750394838485
-0.4005769451798395 -0.8123293997722084 0.4238620733872179
-0.3914371839269149 0.3092662646949316 0.8666783189632766
-0.3064852009133435 0.9420688223484318 0.1362833650162277
0.7464771970721606 0.6431438889863849 0.1706977806263436
-0.4764973437415112 0.7507806920340193 0.457469817448324
0.04806818156764062 -0.6053421200767745 0.7945126604288545
0.9833598349715478 0.1478103241141814 0.1056198042508644
0.9846567065898006 0.173468301550002 0.01897151878698264
-0.007374778233553066 0.9692802107485573 0.245848501515137
0.6291181940774349 0.1559601508233598 -0.7615029410553198
-0.3894367629403018 -0.2601228353469764 0.8835582143818419
-0.06269517671023912 0.441104399712513 -0.8952632145752083
0.4361106163011953 -0.8679772199716189 -0.2375354204318409
-0.9485161802597857 0.2670924613566165 0.1702312335379438
-0.4709307877647836 -0.6465393828608971 0.6001758238592177
0.4251279257340821 -0.7542192122570762 -0.5004194506844754
-0.5474063299334537 -0.8079997640696593 0.217905234476278
-0.3281741265995431 -0.5040068303571109 0.7989235617904916
0.3415682801945309 0.9279938770831232 0.1488572271043082
-0.01226218090286586 -0.1206767001232058 0.9926161256834786
0.4643223499040727 0.5699596754155173 0.6779017065768445
0.9392263574558469 0.07012236859812371 -0.3360605643071058
0.2484914881545667 -0.9436535005014106 0.2185636092906663
0.5642769567935227 -0.6397512073263201 -0.5218332192917163
0.385246883933509 -0.7896267387506811 0.4775714102304335
0.4381195035055923 -0.8343697678908679 -0.3344822731891071
0.804642993004601 0.5926908333609651 0.03559817212276959
-0.2253441931100658 0.9568429462176206 0.1834981495960028
-0.9004796470806175 -0.2238470917291026 -0.3728657730577981
0.5638672638484377 0.7063585871033181 -0.427915009301474
-0.8959455389187025 -0.2659824237550938 0.3557175024440623
0.0251823159041868 0.944379900202352 -0.3278909194526398
-0.3636656924196043 -0.7731112865886747 0.5196596989436201
-0.7813482166136975 0.6238518568797735 0.01743057836829218
-0.5272385111549576 0.3081058788863864 0.791890345787061
0.1689301186534373 0.9848477429128045 0.03921145612305309
-0.2055468907984958 -0.9043131735301694 -0.3741231880849744
-0.4751765952562538 0.7429315765527997 -0.4714444568360581
0.7403639533109649 -0.06978736413748053 0.668573810767743
-0.04115219568113079 -0.8466286009860543 -0.5305907168270271
0.487795192924225 0.7768723981341153 -0.3981521402395907
0.01852433527862309 0.9043408499506462 -0.4264088133622801
-0.573885308847868 0.5666203325769921 -0.5912673261722873
-0.7401718672284896 0.07104778835656791 0.6686537360496324
0.8221608581826583 -0.1544538644181907 -0.5479010193809115
0.8764558284805548 0.4424144917642884 0.189985784203478
-0.7267104400752536 -0.6706252812929222 0.1488410843027565
-0.6711466436721926 -0.7040780464278594 0.2320264795791204
-0.2553792784049216 -0.09838595584454103 -0.961822035437917
-0.7075539744470419 0.4793495973997522 -0.5192218569329397
0.5114823288060136 0.485838198326549 0.7087644688935739
0.8254921666163541 0.3296091469429051 -0.4581708121504554
-0.3642342217475389 0.8523714794320603 -0.375228320837814
0.5373907255990795 0.156086436093036 0.8287630738081115
-0.001836616105394687 -0.9049059882047851 0.425607541465612
0.6531922677215539 -0.5350228716170375 -0.5358081636513508
0.8235206052426324 0.1505161918170065 0.5469540097135357
0.7970344841066489 0.5581221970628928 -0.230728507754325
0.1970727539962557 0.152786125383315 -0.9684104137826509
0.7017688684664775 0.1515202950123989 -0.6961049169849582
0.7977796603918866 -0.2499355441419448 0.5487074240790586
0.04053300789705059 0.572682356776875 -0.8187746903192
-0.7273283320215765 -0.5510469865395496 -0.4090729960097498
0.9435543578547 -0.1512066287520079 -0.2946892078018083
-0.9782533928905729 0.03806706017136022 -0.203890162165791
0.8735491367512348 -0.1456016723659245 -0.4644481227063131
-0.1441293068318819 0.7928602795629032 0.5921142795133354
-0.2648898953701282 -0.4643673663769616 0.845101350356824
-0.008185443384665054 -0.1286366084698106 -0.9916580163937471
-0.3020170367819321 -0.9248340880332091 0.2312306621217081
0.266237520497816 -0.3971250299222617 0.8782990910210586
-0.2141637949527551 0.9383077338177136 0.2715003970334132
0.1657329431159033 -0.9533095151484102 0.2524550650980166
-0.1242951862567719 0.9409831081635769 0.3148039021743673
0.5410663351577057 0.3876416472047611 0.7463117139047122
0.08125271695221685 -0.1528295204339832 0.9849066624161914
-0.2856361112111411 0.3038861583362827 -0.908881298489408
-0.4864517789791291 -0.5442417008224264 -0.6834951629777296
-0.4092032461523857 0.8910578547741729 -0.1963889069769451
-0.969532603227591 0.2241781940845607 0.09874547369735719
0.283970038575073 0.9532306306881367 0.1035006372423311
-0.690749448930583 -0.1097580972570307 -0.714715579016305
-0.9357092521103498 0.2663004957386427 -0.2313703556734158
-0.4843188352238899 0.7904613963608205 0.3749747280960097
0.9624486336461949 0.07335014889377721 0.2613663774279952
-0.4512925499602873 0.8827667128266379 0.1306061448615406
-0.4210785073609937 0.05238931138553245 0.905509939587185
-0.8549509966679041 -0.3100160908541645 0.4158711539744731
-0.9936432624560367 -0.04930021314439861 -0.1012055134843974
0.9892558705642881 0.07318538914366572 0.1265571861649221
0.2732578708540462 0.4129032338707859 0.8688158927387093
-0.09315409624020683 0.8668695959329709 0.4897544466369633
0.7515242744367679 -0.373091877221607 0.5440714255348713
-0.4492823141363682 -0.8756765049291269 -0.177019944976205
-0.3655787391048854 0.3437878807450354 -0.864963628464989
0.8817310150868377 0.2310462847475368 0.4113004149503071
-0.189117538508399 0.6790428208455609 0.7093203818350547
-0.4414278590796852 -0.88472757198906 0.1496615133916128
0.4649455346510262 -0.7629386209539339 0.449166239231068
-0.1486772104151398 -0.8533484014577845 0.4996914976589217
0.9770561452558422 -0.1779289630585857 -0.1170579904265027
-0.303542301318114 0.9441597429166143 -0.1281579149570402
0.5931288575957843 -0.2218590842241921 0.7739358533071863
-0.6624157016276686 0.5722931308593847 -0.4834108093622718
-0.3350263396996914 0.2673510013556847 0.9034825918530692
-0.7838148182904137 -0.3888167839788311 0.4842064013669429
-0.7201111471151466 0.6801408061004185 0.1372895468620268
-0.8748353422919051 -0.3824526308710333 -0.2973097862782697
-0.107865457498646 -0.8201157309760106 -0.561938814182017
0.1076194893988062 0.1511922531137598 0.9826285911268433
0.9662651979566836 0.2575476269240293 0.0008871772832578831
0.1814268752136695 0.06745753292099334 -0.9810880542552828
0.7627005039313429 0.1441941969458793 -0.6304728185021211
-0.9007405068481414 -0.04929730231287771 -0.4315510575906703
-0.5079883167593893 0.3842236331131877 0.770921571752448
-0.4566546178486239 -0.8887970733041686 -0.03881137054358838
-0.03124417008055284 0.1218175399780113 -0.9920606275776108
0.05227343440012774 0.1535670921857858 -0.9867545977869158
-0.08923467125795988 0.03586137185539363 0.9953648253048392
-0.9895359974995097 0.1441739404301909 0.005690742788268758
0.757546124151686 -0.5452726733397406 0.3588893722189206
0.8538474051928808 0.5058642569482936 -0.1226619834648666
0.9647152592358299 -0.151384857123848 0.2154230573340225
-0.802450570518589 -0.01889563918602609 -0.5964193463446189
0.7397601301888033 0.05667618722381836 0.6704794997498548
-0.7290659172898752 0.1557154276236697 0.6664950066176419
-0.04115973436830552 0.9545791177149943 -0.2951009730400658
0.1085855768255808 -0.5392442070175216 0.8351196666966358
-0.6951237711328825 -0.6571178672738524 0.2915459677571686
-0.4237354502849326 -0.08070323351251693 0.902183604524295
0.205449395872659 0.3210085260587789 0.9245237000386359
0.3753984178848319 0.3141488098346626 0.8720014639489031
0.1552496480178471 0.2293116040747619 0.960892155773474
-0.4343014301998807 0.3856827217541725 -0.8140215635145249
0.1555694160833322 -0.1307530183515744 -0.9791331906188473
0.1146215573387842 0.2846431814468708 -0.9517563542467345
0.4950843058541978 -0.7924483422430345 -0.3562543402867308
0.6161255254726532 0.691381383578035 -0.3773342275791701
0.1930035209584922 -0.3259137781130469 -0.9254889789369209
0.05522442043829957 0.3866206724826699 -0.9205839011172757
-0.5394645303754833 -0.5618930218440276 -0.6270998743978079
0.807513097679091 -0.4280781088854703 -0.4057976463334383
-0.1680319069628827 -0.1771384517998205 -0.9697356583813858
-0.8214448159751335 0.5697283303480424 -0.02525953100140301
-0.05115538814329653 -0.2157357208811403 -0.9751108783106686
-0.6216925536685241 -0.7560774118761622 0.2045612767943965
0.1170597172707094 0.1778427296827422 -0.9770716381573527
0.8326934957112843 0.1583439195442501 -0.5306116709454153
0.7698266183370689 -0.1369259996270179 0.6233925314966924
0.9134278445360938 -0.1395168965109789 -0.3823409583265837
-0.2270288271779626 -0.9369287723305996 0.2657487294593793
0.08575286196375233 0.9940278288951431 0.06749164427567289
-0.8681574444276831 0.4659183507507065 -0.1709466060456772
-0.5548033822849827 0.828727186643207 0.07351501291286472
0.5981102098873904 -0.05925060284325511 0.7992205846267804
-0.03303743107110005 -0.5096057508923775 0.8597735206469425
0.02648806257630485 0.1555884205532175 0.9874667720641079
0.5348585231428884 -0.7323729743273312 0.4213741647234043
-0.2769869260341331 -0.8664586323280263 -0.4153645161426379
0.8392726333803178 0.5139842690540661 0.1773178446288583
0.1635119820440477 -0.4760102460803459 0.864105362415114
-0.4168553037047767 0.8409117989422257 0.3451072328609588
0.8882263765065037 0.2886044387976954 -0.3574372420221403
-0.335874723781223 -0.8683137000485827 -0.3649924495559148
0.9852602148758364 -0.1402548309290569 0.09793309646836665
0.6106863795246315 -0.7674025450783675 0.1953342767420559
0.1558959643856323 -0.9328104287120051 0.324901758035254
0.8818617154681837 -0.2044846321828913 -0.4248599180818776
0.990122658146981 -0.1398366581177319 0.0101405557254555
0.9504224925917568 -0.211145844261607 0.2282860443100392
-0.07853800386610948 0.5204543089073398 -0.8502700125774814
-0.4267531209516638 0.4571088267723366 -0.7803417804044793
0.3808855147054724 -0.3861291493570779 0.8401371939774639
-0.3643280449150874 0.003489669710314502 -0.9312641397013326
-0.01717075060066386 -0.8650934950712141 0.5013166764723482
-0.07956459611527809 0.9614077475324655 0.2633716348234257
-0.4060644830562018 -0.6692061118587436 0.6223140810324015
-0.05033832185258492 0.9839215153287153 -0.1713607452899002
$EndNodes
$Elements
1 3188 1 3188
2 1 2 3188
1 1 1537 1438 
2 49 1537 1 
3 722 1272 933 
4 933 1272 824 
5 975 1487 1007 
6 931 1054 311 
7 801 970 555 
8 1240 1481 1059 
9 1010 1264 101 
10 954 1057 474 
11 50 1279 932 
12 959 960 435 
13 311 1055 931 
14 2 62 3 
15 928 1317 592 
16 984 1417 940 
17 505 990 989 
18 940 1440 984 
19 505 1434 990 
20 447 997 449 
21 249 966 484 
22 182 1217 936 
23 980 1326 794 
24 59 1519 1031 
25 370 1500 1281 
26 17 961 18 
27 422 1091 428 
28 774 1422 951 
29 1247 1492 904 
30 48 939 938 
31 965 1411 705 
32 611 1005 610 
33 717 1481 1240 
34 960 1036 435 
35 951 1422 1358 
36 101 1353 1010 
37 947 1022 51 
38 934 1006 746 
39 484 966 889 
40 906 1122 1106 
41 903 999 107 
42 1158 1247 904 
43 667 1012 995 
44 933 1550 722 
45 867 1306 995 
46 995 1385 867 
47 995 1306 667 
48 999 1298 107 
49 978 1519 59 
50 969 1411 965 
51 18 961 42 
52 848 1396 902 
53 902 1436 848 
54 1246 1399 676 
55 977 1442 1042 
56 895 1352 1229 
57 824 1493 933 
58 1281 1357 370 
59 555 970 695 
60 1007 1487 61 
61 115 1243 249 
62 956 1094 690 
63 742 1467 675 
64 1042 1474 977 
65 489 1175 953 
66 823 945 944 
67 1059 1300 1240 
68 746 1005 934 
69 838 1317 928 
70 1055 1057 727 
71 1323 1427 749 
72 910 1522 846 
73 29 71 28 
74 936 1218 182 
75 48 940 939 
76 932 1472 50 
77 981 983 43 
78 975 1563 1487 
79 846 1461 910 
80 175 1003 174 
81 1477 1530 62 
82 1249 1410 881 
83 911 1246 676 
84 956 1095 1094 
85 62 1565 1477 
86 422 1524 1091 
87 990 991 135 
88 840 1326 980 
89 1229 1352 619 
90 646 1005 611 
91 1419 1451 587 
92 510 997 447 
93 921 986 985 
94 736 1415 948 
95 801 1011 970 
96 1124 1397 820 
97 66 69 53 
98 449 997 662 
99 1015 1279 50 
100 936 1217 1053 
101 212 1584 1369 
102 973 1369 877 
103 675 1467 1006 
104 873 980 794 
105 753 1376 1050 
106 976 1224 734 
107 1231 1499 492 
108 492 1454 1231 
109 370 1357 1073 
110 249 1243 969 
111 811 1329 1153 
112 870 974 65 
113 424 1538 941 
114 985 1566 921 
115 947 1321 1022 
116 1073 1542 370 
117 212 1369 1003 
118 610 1005 746 
119 69 70 53 
120 592 1483 928 
121 881 1512 1249 
122 983 1543 43 
123 1174 1459 1448 
124 553 1224 976 
125 289 1056 287 
126 1036 1416 527 
127 938 1409 48 
128 1050 1376 1049 
129 249 969 966 
130 1162 1430 1163 
131 727 1456 1055 
132 820 1397 1208 
133 428 1091 467 
134 1106 1447 906 
135 383 1095 385 
136 5 63 37 
137 1375 1430 659 
138 135 1442 990 
139 954 1471 1057 
140 661 1430 1162 
141 871 1427 1323 
142 536 1435 937 
143 659 1430 661 
144 1050 1451 1419 
145 948 977 736 
146 1153 1485 811 
147 30 66 53 
148 941 1367 424 
149 869 1399 1246 
150 1528 1551 943 
151 937 1516 536 
152 1384 1500 374 
153 1281 1500 916 
154 455 1072 1071 
155 2 958 957 
156 174 1003 979 
157 906 1271 1122 
158 1062 1481 1208 
159 1231 1454 754 
160 2 1487 958 
161 63 64 37 
162 877 1369 935 
163 866 1479 1267 
164 53 71 29 
165 478 1159 479 
166 916 1500 1384 
167 1454 1570 754 
168 1135 1452 1180 
169 761 1551 1528 
170 656 1380 659 
171 659 1380 1375 
172 1297 1407 982 
173 474 1057 1056 
174 849 1378 848 
175 51 1503 947 
176 1024 1395 46 
177 915 1536 914 
178 212 1003 175 
179 685 1492 1247 
180 674 1376 968 
181 179 1218 177 
182 767 1460 1450 
183 1208 1481 717 
184 1378 1396 848 
185 489 1501 1175 
186 1 1438 60 
187 17 1409 961 
188 1448 1459 899 
189 879 1415 736 
190 1267 1511 866 
191 773 971 797 
192 202 1194 140 
193 823 1390 945 
194 474 1056 289 
195 1213 1572 1332 
196 1332 1382 1213 
197 915 1565 1536 
198 504 1415 1365 
199 964 1005 646 
200 870 1557 974 
201 907 1550 933 
202 931 1402 1054 
203 1469 1493 561 
204 435 1034 959 
205 944 1580 823 
206 72 1353 101 
207 921 1566 920 
208 1094 1095 383 
209 287 1056 311 
210 71 1573 28 
211 950 1483 257 
212 999 1486 902 
213 106 1574 952 
214 971 972 797 
215 1010 1389 1264 
216 839 1301 713 
217 902 1486 1436 
218 953 1387 489 
219 513 1288 1186 
220 257 1507 950 
221 1053 1217 550 
222 385 1095 413 
223 6 1024 46 
224 521 1159 478 
225 1450 1460 1117 
226 433 1036 450 
227 1143 1522 1468 
228 1120 1493 1469 
229 1180 1452 654 
230 450 1036 527 
231 920 1566 1028 
232 1192 1581 986 
233 74 1008 67 
234 1162 1558 661 
235 942 1549 698 
236 76 77 45 
237 1060 1305 1177 
238 952 1424 106 
239 1216 1443 1391 
240 474 1497 954 
241 805 1538 1150 
242 986 1470 1192 
243 1369 1584 935 
244 177 1218 212 
245 31 66 30 
246 1037 1043 141 
247 115 1537 1243 
248 182 1218 179 
249 1087 1524 418 
250 586 1025 852 
251 302 1119 299 
252 5 37 4 
253 1038 1043 1037 
254 96 1009 1008 
255 502 1194 202 
256 1229 1527 895 
257 1294 1395 1024 
258 882 1154 1129 
259 1091 1524 1087 
260 885 1376 674 
261 311 1056 1055 
262 1150 1538 424 
263 110 1044 195 
264 170 1004 190 
265 1016 1553 61 
266 61 1553 1007 
267 972 1540 523 
268 101 1521 72 
269 1194 1254 140 
270 698 1551 942 
271 523 1476 972 
272 1468 1522 910 
273 122 1261 499 
274 1060 1177 204 
275 1191 1466 1465 
276 754 1323 749 
277 1028 1531 920 
278 513 1186 456 
279 729 1485 1154 
280 534 1466 1206 
281 1150 1498 805 
282 625 1108 730 
283 69 73 70 
284 70 71 53 
285 299 1119 298 
286 867 1385 1019 
287 979 1004 174 
288 854 1115 589 
289 933 1493 1120 
290 174 1004 170 
291 950 1367 941 
292 1365 1415 879 
293 1042 1442 135 
294 401 1237 397 
295 963 1503 20 
296 646 1350 964 
297 1026 1033 1032 
298 96 1008 74 
299 67 1008 69 
300 1163 1589 411 
301 696 1444 1431 
302 985 1417 984 
303 418 1506 1087 
304 397 1237 488 
305 962 1497 293 
306 64 65 37 
307 1072 1336 1073 
308 1304 1595 1189 
309 343 1291 1220 
310 44 1025 586 
311 20 1508 963 
312 1301 1534 713 
313 125 1037 141 
314 957 1535 34 
315 662 997 996 
316 976 1351 553 
317 1019 1479 867 
318 293 1520 962 
319 961 1426 42 
320 1129 1154 406 
321 894 1577 1455 
322 590 1193 727 
323 340 1330 1307 
324 1186 1288 789 
325 41 1394 1335 
326 960 1416 1036 
327 1465 1466 1086 
328 112 1044 110 
329 431 1290 1069 
330 1237 1328 488 
331 951 1445 774 
332 940 1274 939 
333 567 1160 826 
334 160 1046 164 
335 1000 1001 842 
336 1025 1276 852 
337 532 1110 664 
338 982 1475 1297 
339 2 957 34 
340 87 1261 122 
341 955 1550 907 
342 467 1090 1088 
343 1221 1572 946 
344 455 1532 1072 
345 466 1410 1249 
346 966 1505 889 
347 343 1220 357 
348 1341 1361 702 
349 589 1115 440 
350 1421 1446 1203 
351 63 116 64 
352 431 1069 485 
353 77 78 45 
354 634 1157 820 
355 1114 1115 854 
356 924 1236 608 
357 1027 1033 1026 
358 1034 1420 959 
359 1466 1564 1206 
360 818 1279 983 
361 524 1204 444 
362 955 1509 672 
363 1240 1300 905 
364 1165 1562 1354 
365 897 1138 680 
366 1261 1293 499 
367 515 1193 590 
368 1096 1305 1060 
369 129 1040 1039 
370 467 1091 1090 
371 458 1110 532 
372 1109 1111 1110 
373 612 1467 987 
374 69 1008 73 
375 70 72 71 
376 1328 1364 488 
377 524 1205 1204 
378 20 998 47 
379 1325 1512 1142 
380 613 1176 807 
381 542 1227 139 
382 386 1126 384 
383 230 1212 466 
384 882 1129 490 
385 1257 1311 1260 
386 164 1046 192 
387 1335 1394 868 
388 1257 1260 121 
389 812 1287 545 
390 779 1199 1185 
391 1153 1329 1152 
392 946 1572 1213 
393 64 870 65 
394 879 1560 1128 
395 1180 1525 1135 
396 994 998 21 
397 1189 1451 1304 
398 757 1033 1027 
399 13 984 14 
400 1139 1327 349 
401 890 1371 892 
402 1220 1291 790 
403 795 1318 1210 
404 1185 1199 535 
405 1126 1275 384 
406 21 998 20 
407 12 35 13 
408 1127 1275 1126 
409 1057 1471 727 
410 1069 1290 856 
411 553 1351 647 
412 35 984 13 
413 650 1252 909 
414 1055 1456 931 
415 1071 1447 455 
416 664 1110 808 
417 22 994 21 
418 1026 1032 8 
419 746 1467 612 
420 1154 1510 729 
421 512 1302 1202 
422 286 1132 323 
423 444 1204 442 
424 1096 1359 1305 
425 77 79 78 
426 926 1011 801 
427 592 1099 264 
428 765 1145 134 
429 1268 1312 858 
430 128 1042 135 
431 907 1509 955 
432 308 1155 475 
433 435 1036 433 
434 1132 1133 323 
435 72 76 71 
436 789 1552 1513 
437 545 1287 1181 
438 773 1445 971 
439 348 1250 598 
440 131 1040 129 
441 970 1011 758 
442 956 1347 1095 
443 928 1483 950 
444 846 1522 1402 
445 77 80 79 
446 79 98 78 
447 79 1267 98 
448 1390 1504 945 
449 734 1590 976 
450 445 1173 510 
451 1133 1134 323 
452 284 1132 286 
453 12 1028 35 
454 488 1234 362 
455 639 1240 905 
456 80 81 79 
457 758 1011 653 
458 1133 1135 1134 
459 80 82 81 
460 82 83 81 
461 80 101 82 
462 82 84 83 
463 83 85 81 
464 82 1264 84 
465 84 86 83 
466 84 87 86 
467 87 122 86 
468 84 89 87 
469 122 185 86 
470 89 90 87 
471 122 189 185 
472 89 91 90 
473 91 92 90 
474 122 499 189 
475 189 199 185 
476 92 793 90 
477 91 93 92 
478 16 39 15 
479 499 525 189 
480 199 794 185 
481 39 1014 15 
482 751 916 777 
483 192 196 194 
484 751 777 632 
485 148 149 146 
486 148 150 149 
487 192 194 169 
488 194 214 213 
489 147 148 146 
490 150 151 149 
491 150 152 151 
492 93 94 92 
493 484 889 741 
494 103 121 94 
495 152 200 151 
496 91 97 93 
497 755 1242 1241 
498 103 160 121 
499 499 822 525 
500 755 1243 1242 
501 691 856 817 
502 147 696 148 
503 748 960 959 
504 160 164 163 
505 97 1258 93 
506 199 873 794 
507 137 138 136 
508 777 1144 632 
509 740 834 833 
510 164 192 169 
511 6 63 5 
512 233 234 231 
513 740 833 638 
514 161 215 159 
515 274 1051 272 
516 153 154 152 
517 192 723 196 
518 874 877 876 
519 150 153 152 
520 741 878 762 
521 714 840 648 
522 216 1060 203 
523 164 169 168 
524 835 922 649 
525 482 845 844 
526 605 883 814 
527 835 976 922 
528 158 159 157 
529 874 876 875 
530 268 273 272 
531 650 836 835 
532 156 157 154 
533 683 1207 556 
534 273 274 272 
535 156 158 157 
536 787 949 948 
537 158 161 159 
538 93 95 94 
539 201 203 202 
540 200 206 151 
541 731 965 917 
542 41 1026 9 
543 160 163 121 
544 1243 1537 1242 
545 802 895 744 
546 194 213 169 
547 205 216 203 
548 795 1210 684 
549 877 935 876 
550 966 969 965 
551 482 844 733 
552 257 258 256 
553 153 155 154 
554 200 763 207 
555 907 933 720 
556 247 373 245 
557 155 156 154 
558 821 902 724 
559 203 204 202 
560 714 866 840 
561 706 1064 975 
562 233 235 234 
563 760 885 674 
564 243 766 241 
565 548 869 716 
566 573 907 720 
567 138 688 136 
568 201 205 203 
569 137 139 138 
570 699 943 698 
571 235 236 234 
572 217 222 215 
573 519 842 665 
574 833 1156 638 
575 161 217 215 
576 648 980 778 
577 723 724 196 
578 330 764 346 
579 236 473 234 
580 372 409 371 
581 155 162 156 
582 865 919 864 
583 383 385 384 
584 200 207 206 
585 222 549 215 
586 257 259 258 
587 331 332 317 
588 317 767 315 
589 400 401 397 
590 813 887 886 
591 366 388 387 
592 277 278 276 
593 786 865 864 
594 720 923 608 
595 709 881 837 
596 464 1195 436 
597 433 434 386 
598 433 450 434 
599 420 1233 399 
600 95 103 94 
601 389 1223 390 
602 665 841 666 
603 396 400 397 
604 385 412 386 
605 349 366 365 
606 909 910 836 
607 199 874 873 
608 864 989 787 
609 905 906 800 
610 347 349 332 
611 396 397 362 
612 366 387 365 
613 207 744 206 
614 917 918 627 
615 450 451 434 
616 709 837 710 
617 235 237 236 
618 20 47 19 
619 349 365 332 
620 318 1107 312 
621 279 282 281 
622 516 1219 574 
623 392 393 391 
624 380 383 382 
625 13 52 12 
626 1124 1125 1123 
627 354 396 362 
628 341 342 271 
629 390 392 391 
630 473 1062 1061 
631 714 867 866 
632 949 977 948 
633 204 502 202 
634 282 283 281 
635 450 516 451 
636 223 224 221 
637 389 390 388 
638 348 350 347 
639 377 379 378 
640 137 542 139 
641 373 1058 245 
642 427 1170 425 
643 316 317 315 
644 837 894 893 
645 232 1124 1123 
646 648 778 643 
647 935 936 876 
648 390 391 388 
649 161 218 217 
650 724 725 196 
651 723 821 724 
652 164 168 163 
653 366 389 388 
654 331 347 332 
655 321 476 318 
656 473 1061 234 
657 281 1143 278 
658 139 140 138 
659 275 489 277 
660 354 362 361 
661 237 238 236 
662 400 402 401 
663 331 348 347 
664 279 416 282 
665 451 694 434 
666 869 1246 716 
667 690 1094 379 
668 282 284 283 
669 259 263 258 
670 479 771 477 
671 319 321 318 
672 372 456 409 
673 291 474 289 
674 211 1128 548 
675 385 413 412 
676 324 330 328 
677 400 458 402 
678 222 616 549 
679 290 291 289 
680 368 418 399 
681 343 356 342 
682 813 886 812 
683 786 864 787 
684 478 479 477 
685 650 835 649 
686 824 932 782 
687 275 277 276 
688 392 394 393 
689 591 854 589 
690 279 281 278 
691 387 597 365 
692 390 411 392 
693 228 229 227 
694 743 979 863 
695 357 363 356 
696 412 433 386 
697 744 745 206 
698 206 1251 151 
699 223 226 224 
700 944 945 737 
701 232 1123 229 
702 284 285 283 
703 235 528 237 
704 155 165 162 
705 371 374 363 
706 516 517 451 
707 559 843 219 
708 363 370 356 
709 283 471 281 
710 530 1182 198 
711 228 230 229 
712 657 742 675 
713 205 220 216 
714 313 318 312 
715 394 417 393 
716 828 829 719 
717 450 527 516 
718 888 912 887 
719 207 802 744 
720 397 488 362 
721 290 292 291 
722 377 689 379 
723 139 201 140 
724 360 377 376 
725 277 279 278 
726 813 888 887 
727 237 239 238 
728 218 219 217 
729 512 1202 541 
730 204 503 502 
731 336 491 338 
732 284 286 285 
733 10 40 11 
734 201 202 140 
735 27 45 26 
736 292 293 291 
737 372 493 456 
738 272 341 271 
739 222 677 616 
740 616 709 549 
741 458 490 402 
742 827 1191 670 
743 226 227 224 
744 269 324 270 
745 418 419 399 
746 441 1224 553 
747 516 574 517 
748 456 457 409 
749 220 221 216 
750 230 231 229 
751 394 430 417 
752 769 996 898 
753 732 832 823 
754 405 408 407 
755 408 623 427 
756 630 631 629 
757 417 440 393 
758 292 294 293 
759 996 997 898 
760 631 632 629 
761 442 443 414 
762 288 289 287 
763 700 701 699 
764 290 480 292 
765 114 193 112 
766 957 958 742 
767 689 690 379 
768 226 228 227 
769 218 468 219 
770 503 576 502 
771 208 784 504 
772 415 442 414 
773 493 513 456 
774 220 223 221 
775 660 914 658 
776 408 427 425 
777 239 240 238 
778 442 500 443 
779 628 629 614 
780 544 568 567 
781 677 713 616 
782 631 633 632 
783 574 575 517 
784 709 710 549 
785 4 57 5 
786 230 233 231 
787 458 532 490 
788 580 610 579 
789 394 482 430 
790 578 580 579 
791 453 454 452 
792 358 415 414 
793 613 614 611 
794 457 477 409 
795 415 444 442 
796 500 501 443 
797 453 507 454 
798 544 569 568 
799 595 596 521 
800 437 572 571 
801 614 646 611 
802 628 630 629 
803 633 751 632 
804 226 619 228 
805 623 624 427 
806 580 611 610 
807 454 693 452 
808 7 54 6 
809 294 295 293 
810 657 675 596 
811 507 508 454 
812 655 657 596 
813 576 582 502 
814 660 915 914 
815 631 634 633 
816 634 635 633 
817 659 660 658 
818 501 544 543 
819 501 543 443 
820 208 209 187 
821 111 1438 113 
822 10 41 9 
823 613 628 614 
824 574 678 575 
825 493 615 513 
826 500 545 501 
827 689 816 690 
828 595 655 596 
829 468 559 219 
830 412 435 433 
831 209 211 210 
832 220 599 223 
833 507 562 508 
834 209 210 187 
835 544 567 543 
836 211 547 210 
837 415 445 444 
838 610 612 579 
839 445 446 444 
840 634 636 635 
841 572 673 672 
842 580 613 611 
843 569 570 568 
844 482 733 430 
845 447 448 446 
846 10 1017 40 
847 431 485 483 
848 446 524 444 
849 572 672 571 
850 529 530 198 
851 30 53 29 
852 211 548 547 
853 532 533 490 
854 197 529 198 
855 208 504 209 
856 576 706 582 
857 553 647 552 
858 6 46 7 
859 507 1211 562 
860 294 296 295 
861 197 198 188 
862 624 775 427 
863 441 553 552 
864 445 447 446 
865 453 535 507 
866 529 641 530 
867 548 715 547 
868 678 679 575 
869 8 56 9 
870 613 807 628 
871 301 304 302 
872 610 746 612 
873 706 711 582 
874 615 649 513 
875 300 301 299 
876 304 305 302 
877 304 307 305 
878 447 449 448 
879 702 703 701 
880 301 302 299 
881 500 788 545 
882 493 790 615 
883 567 776 543 
884 569 707 570 
885 300 303 301 
886 641 642 530 
887 689 853 816 
888 570 726 568 
889 307 308 305 
890 449 462 448 
891 636 637 635 
892 308 475 305 
893 733 734 430 
894 468 581 559 
895 562 563 508 
896 574 811 678 
897 634 820 636 
898 590 591 589 
899 615 650 649 
900 678 729 679 
901 547 857 210 
902 198 550 188 
903 460 464 436 
904 645 798 641 
905 673 698 672 
906 462 551 448 
907 18 59 17 
908 297 300 299 
909 300 487 303 
910 548 716 715 
911 679 680 575 
912 590 668 591 
913 529 645 641 
914 707 739 570 
915 602 603 601 
916 465 880 728 
917 637 638 635 
918 637 639 638 
919 639 740 638 
920 728 827 670 
921 708 756 707 
922 647 783 552 
923 569 708 707 
924 711 855 582 
925 230 466 233 
926 468 609 581 
927 31 55 32 
928 532 663 533 
929 25 58 24 
930 449 463 462 
931 788 812 545 
932 624 831 775 
933 673 699 698 
934 708 759 756 
935 788 813 812 
936 358 414 352 
937 445 510 447 
938 703 755 701 
939 297 299 298 
940 645 799 798 
941 716 891 890 
942 743 862 738 
943 642 644 643 
944 780 782 781 
945 818 819 781 
946 432 453 452 
947 617 640 540 
948 780 824 782 
949 463 522 462 
950 663 685 533 
951 651 653 563 
952 621 622 620 
953 679 681 680 
954 506 587 469 
955 562 651 563 
956 567 826 776 
957 668 669 591 
958 651 712 653 
959 686 803 687 
960 743 863 862 
961 541 617 540 
962 555 695 554 
963 581 674 559 
964 621 686 622 
965 686 687 622 
966 644 714 648 
967 681 682 680 
968 804 805 687 
969 704 748 747 
970 563 564 508 
971 752 753 526 
972 532 664 663 
973 695 796 554 
974 590 727 668 
975 607 654 621 
976 639 800 740 
977 417 441 440 
978 465 728 670 
979 664 749 663 
980 515 590 589 
981 523 539 538 
982 539 554 538 
983 539 555 554 
984 539 584 555 
985 584 801 555 
986 712 758 653 
987 664 808 750 
988 803 804 687 
989 712 830 758 
990 716 890 715 
991 750 754 749 
992 523 538 522 
993 665 666 531 
994 666 738 531 
995 642 667 644 
996 647 846 783 
997 780 781 779 
998 804 806 805 
999 316 331 317 
1000 449 662 463 
1001 773 797 546 
1002 562 652 651 
1003 664 750 749 
1004 666 743 738 
1005 668 718 669 
1006 515 589 440 
1007 772 773 546 
1008 718 719 669 
1009 692 795 684 
1010 769 770 768 
1011 799 896 798 
1012 294 306 296 
1013 538 566 522 
1014 618 737 617 
1015 681 732 682 
1016 732 823 682 
1017 18 42 19 
1018 644 648 643 
1019 782 818 781 
1020 520 789 594 
1021 636 717 637 
1022 718 828 719 
1023 463 523 522 
1024 607 620 606 
1025 890 892 715 
1026 607 621 620 
1027 24 43 25 
1028 561 780 779 
1029 512 541 540 
1030 642 643 530 
1031 581 760 674 
1032 755 1241 701 
1033 514 536 526 
1034 537 769 768 
1035 541 618 617 
1036 498 607 606 
1037 817 848 692 
1038 297 298 295 
1039 772 774 773 
1040 461 534 470 
1041 457 478 477 
1042 481 772 546 
1043 536 752 526 
1044 618 944 737 
1045 441 552 515 
1046 541 815 618 
1047 561 779 459 
1048 558 601 486 
1049 441 515 440 
1050 457 520 478 
1051 519 665 531 
1052 512 540 497 
1053 514 526 506 
1054 296 297 295 
1055 573 720 608 
1056 432 452 410 
1057 560 561 459 
1058 670 671 344 
1059 429 560 459 
1060 704 747 705 
1061 186 197 188 
1062 519 531 191 
1063 691 692 684 
1064 15 48 16 
1065 239 344 240 
1066 470 514 506 
1067 498 606 496 
1068 700 702 701 
1069 431 483 420 
1070 625 730 605 
1071 184 187 186 
1072 470 506 469 
1073 691 817 692 
1074 184 208 187 
1075 481 546 537 
1076 626 731 627 
1077 173 191 172 
1078 537 768 335 
1079 626 627 625 
1080 786 787 785 
1081 465 670 344 
1082 520 521 478 
1083 244 245 243 
1084 520 594 521 
1085 704 705 703 
1086 595 656 655 
1087 657 1184 957 
1088 357 371 363 
1089 429 459 432 
1090 557 691 684 
1091 556 558 486 
1092 461 470 469 
1093 604 626 625 
1094 557 684 683 
1095 573 608 438 
1096 578 579 577 
1097 173 519 191 
1098 485 557 556 
1099 702 704 703 
1100 656 659 658 
1101 425 437 426 
1102 495 512 497 
1103 497 498 496 
1104 769 898 770 
1105 594 595 521 
1106 437 571 438 
1107 558 602 601 
1108 557 683 556 
1109 191 697 172 
1110 650 909 836 
1111 186 188 183 
1112 428 467 439 
1113 659 661 660 
1114 485 556 486 
1115 571 573 438 
1116 429 432 410 
1117 461 469 460 
1118 419 421 420 
1119 239 465 344 
1120 485 486 483 
1121 913 920 912 
1122 439 461 460 
1123 784 786 785 
1124 605 814 603 
1125 481 537 335 
1126 369 429 410 
1127 503 578 577 
1128 165 166 162 
1129 408 425 407 
1130 604 625 605 
1131 30 44 31 
1132 439 460 436 
1133 184 186 183 
1134 657 957 742 
1135 428 439 436 
1136 286 287 285 
1137 168 173 172 
1138 21 51 22 
1139 656 658 655 
1140 437 438 426 
1141 503 577 576 
1142 686 925 803 
1143 673 700 699 
1144 168 172 163 
1145 818 981 819 
1146 330 346 345 
1147 348 351 350 
1148 495 497 496 
1149 459 1185 432 
1150 313 492 319 
1151 254 256 252 
1152 422 428 423 
1153 421 431 420 
1154 181 184 183 
1155 253 255 254 
1156 428 436 423 
1157 419 422 421 
1158 113 114 112 
1159 265 472 269 
1160 888 913 912 
1161 368 399 398 
1162 602 604 603 
1163 369 410 364 
1164 333 481 335 
1165 784 785 504 
1166 3 61 2 
1167 403 405 404 
1168 181 183 182 
1169 604 605 603 
1170 361 369 364 
1171 425 426 407 
1172 803 1175 804 
1173 405 407 404 
1174 346 368 367 
1175 181 182 179 
1176 327 336 334 
1177 269 270 266 
1178 422 423 421 
1179 348 598 351 
1180 176 565 178 
1181 113 115 114 
1182 343 357 356 
1183 846 931 783 
1184 681 904 732 
1185 288 290 289 
1186 351 352 350 
1187 756 1200 707 
1188 712 947 830 
1189 419 420 399 
1190 403 406 405 
1191 495 496 494 
1192 313 319 318 
1193 818 983 981 
1194 266 424 262 
1195 8 1023 56 
1196 111 113 112 
1197 810 868 809 
1198 398 511 367 
1199 487 871 303 
1200 180 181 179 
1201 472 1066 269 
1202 345 1092 328 
1203 602 1228 604 
1204 253 254 252 
1205 361 364 353 
1206 947 963 830 
1207 487 872 871 
1208 265 269 266 
1209 808 850 750 
1210 799 978 896 
1211 581 1000 760 
1212 925 953 803 
1213 304 908 307 
1214 830 927 758 
1215 178 180 179 
1216 256 1122 252 
1217 536 992 752 
1218 341 343 342 
1219 677 839 713 
1220 27 50 28 
1221 719 825 669 
1222 718 954 828 
1223 545 1181 501 
1224 927 970 758 
1225 333 335 326 
1226 340 354 353 
1227 752 968 753 
1228 224 225 221 
1229 350 1139 347 
1230 685 1247 533 
1231 945 946 737 
1232 851 961 938 
1233 954 962 828 
1234 351 358 352 
1235 414 1172 352 
1236 324 328 325 
1237 176 178 177 
1238 178 179 177 
1239 327 334 333 
1240 352 1283 350 
1241 336 338 337 
1242 863 973 862 
1243 369 1214 429 
1244 896 967 798 
1245 144 765 134 
1246 824 1272 932 
1247 278 320 276 
1248 337 355 334 
1249 403 404 401 
1250 231 232 229 
1251 728 937 827 
1252 847 951 926 
1253 264 267 263 
1254 731 917 627 
1255 171 176 175 
1256 395 495 494 
1257 682 897 680 
1258 938 939 796 
1259 981 982 819 
1260 336 337 334 
1261 109 1278 111 
1262 354 361 353 
1263 695 851 796 
1264 111 112 110 
1265 851 938 796 
1266 268 271 267 
1267 177 212 175 
1268 809 911 676 
1269 600 810 809 
1270 265 266 262 
1271 584 971 847 
1272 368 398 367 
1273 928 950 941 
1274 584 847 801 
1275 338 339 337 
1276 176 177 175 
1277 307 309 308 
1278 847 926 801 
1279 251 253 252 
1280 622 884 620 
1281 143 144 134 
1282 738 1216 531 
1283 268 272 271 
1284 844 929 733 
1285 385 386 384 
1286 804 838 806 
1287 170 190 166 
1288 928 941 806 
1289 287 311 285 
1290 264 268 267 
1291 913 921 920 
1292 357 372 371 
1293 242 243 241 
1294 259 264 263 
1295 263 455 258 
1296 838 928 806 
1297 261 265 262 
1298 821 999 902 
1299 314 315 310 
1300 469 1188 460 
1301 133 137 136 
1302 402 403 401 
1303 259 592 264 
1304 898 899 770 
1305 320 1104 276 
1306 697 1257 172 
1307 346 367 345 
1308 837 893 710 
1309 327 333 326 
1310 375 593 359 
1311 899 900 770 
1312 411 1130 392 
1313 171 175 174 
1314 309 313 312 
1315 787 948 785 
1316 275 276 274 
1317 741 762 193 
1318 261 262 255 
1319 314 791 316 
1320 533 882 490 
1321 254 257 256 
1322 314 316 315 
1323 639 905 800 
1324 338 340 339 
1325 376 859 375 
1326 242 244 243 
1327 286 323 288 
1328 383 384 382 
1329 395 494 381 
1330 377 378 376 
1331 330 345 328 
1332 340 353 339 
1333 109 111 110 
1334 171 174 170 
1335 600 809 676 
1336 246 247 245 
1337 322 327 326 
1338 253 261 255 
1339 735 879 736 
1340 311 1054 285 
1341 409 1097 371 
1342 322 326 321 
1343 874 875 873 
1344 360 376 375 
1345 923 924 608 
1346 251 252 250 
1347 248 588 251 
1348 244 246 245 
1349 132 143 134 
1350 167 171 170 
1351 312 314 310 
1352 167 170 166 
1353 319 322 321 
1354 165 792 167 
1355 748 959 747 
1356 309 312 310 
1357 244 260 246 
1358 309 310 308 
1359 723 952 821 
1360 826 861 776 
1361 240 241 238 
1362 165 167 166 
1363 398 858 511 
1364 286 288 287 
1365 140 1254 138 
1366 145 505 147 
1367 479 934 771 
1368 329 360 359 
1369 246 248 247 
1370 324 325 270 
1371 360 375 359 
1372 706 975 974 
1373 133 136 131 
1374 484 741 193 
1375 33 49 1 
1376 380 382 381 
1377 273 275 274 
1378 328 329 325 
1379 145 147 146 
1380 248 250 247 
1381 711 901 855 
1382 145 146 144 
1383 240 242 241 
1384 379 380 378 
1385 382 395 381 
1386 624 860 831 
1387 731 966 965 
1388 110 195 108 
1389 600 676 585 
1390 735 736 583 
1391 329 359 325 
1392 929 930 733 
1393 817 849 848 
1394 248 251 250 
1395 132 134 133 
1396 380 381 378 
1397 143 145 144 
1398 934 964 771 
1399 975 1007 974 
1400 105 1041 109 
1401 109 110 108 
1402 706 974 711 
1403 114 484 193 
1404 518 600 585 
1405 585 735 583 
1406 132 133 131 
1407 105 109 108 
1408 108 903 107 
1409 135 991 130 
1410 518 585 583 
1411 130 132 131 
1412 105 108 107 
1413 518 583 142 
1414 141 1043 518 
1415 128 135 130 
1416 130 131 129 
1417 105 107 104 
1418 1086 1088 1083 
1419 141 518 142 
1420 128 130 129 
1421 104 106 102 
1422 100 105 104 
1423 1085 1086 1083 
1424 141 142 127 
1425 128 129 126 
1426 100 104 102 
1427 1090 1091 1081 
1428 1082 1085 1083 
1429 1081 1087 1084 
1430 127 128 126 
1431 125 141 127 
1432 100 102 99 
1433 1081 1084 1079 
1434 1082 1083 1080 
1435 1080 1090 1081 
1436 125 127 126 
1437 88 100 99 
1438 1080 1081 1079 
1439 1078 1082 1080 
1440 125 126 124 
1441 88 99 96 
1442 1078 1080 1079 
1443 586 852 722 
1444 123 125 124 
1445 88 96 74 
1446 1078 1079 1077 
1447 586 722 721 
1448 123 124 120 
1449 119 757 123 
1450 75 88 74 
1451 1076 1078 1077 
1452 1109 1307 1111 
1453 586 721 280 
1454 761 1013 55 
1455 119 123 120 
1456 120 509 118 
1457 68 75 74 
1458 173 1100 519 
1459 1076 1077 1075 
1460 173 1263 1100 
1461 1278 1494 1438 
1462 950 1507 1367 
1463 874 1259 877 
1464 1165 1354 925 
1465 280 761 55 
1466 44 586 280 
1467 119 120 118 
1468 549 1063 215 
1469 8 1032 7 
1470 149 1052 146 
1471 448 1183 446 
1472 68 74 67 
1473 1167 1168 693 
1474 1072 1073 834 
1475 1056 1057 1055 
1476 588 1076 1075 
1477 609 1002 1001 
1478 1168 1238 1169 
1479 317 1105 767 
1480 134 1145 133 
1481 335 1121 326 
1482 227 1244 224 
1483 607 1180 654 
1484 36 994 22 
1485 1168 1169 693 
1486 979 1003 863 
1487 15 1014 14 
1488 7 1023 8 
1489 9 1017 10 
1490 44 55 31 
1491 9 1026 8 
1492 54 63 6 
1493 310 1155 308 
1494 1307 1330 1111 
1495 1435 1564 827 
1496 410 1169 364 
1497 36 995 994 
1498 829 1119 1118 
1499 59 1031 17 
1500 1132 1136 1133 
1501 51 1022 1021 
1502 165 1248 792 
1503 1108 1347 730 
1504 35 985 984 
1505 1047 1048 214 
1506 831 1361 1341 
1507 681 1158 904 
1508 44 280 55 
1509 117 119 118 
1510 1318 1319 1210 
1511 794 1262 185 
1512 150 1045 153 
1513 726 1164 1162 
1514 1162 1163 1161 
1515 570 1164 726 
1516 17 1031 16 
1517 987 1561 612 
1518 404 1237 401 
1519 1127 1302 1275 
1520 362 1234 361 
1521 18 1029 59 
1522 805 1196 687 
1523 217 1113 222 
1524 319 1141 322 
1525 19 1029 18 
1526 194 1047 214 
1527 1207 1344 558 
1528 1275 1302 395 
1529 1195 1290 423 
1530 1391 1443 822 
1531 1083 1090 1080 
1532 1081 1091 1087 
1533 130 991 132 
1534 518 1043 600 
1535 100 1041 105 
1536 195 903 108 
1537 1041 1278 109 
1538 234 1061 231 
1539 272 1051 341 
1540 379 1094 380 
1541 840 980 648 
1542 730 883 605 
1543 245 1058 243 
1544 285 1054 283 
1545 787 989 949 
1546 556 1207 558 
1547 203 1060 204 
1548 576 1064 706 
1549 684 1210 683 
1550 328 1092 329 
1551 548 1128 869 
1552 477 1097 409 
1553 399 1233 398 
1554 436 1195 423 
1555 476 1107 318 
1556 229 1123 227 
1557 276 1104 274 
1558 574 1219 811 
1559 151 1251 149 
1560 1278 1438 111 
1561 471 1143 281 
1562 347 1139 349 
1563 425 1170 437 
1564 252 1122 250 
1565 198 1182 550 
1566 775 1170 427 
1567 541 1202 815 
1568 670 1191 671 
1569 460 1188 464 
1570 562 1211 652 
1571 390 1223 411 
1572 779 1185 459 
1573 417 1224 441 
1574 269 1066 324 
1575 701 1241 699 
1576 643 1182 530 
1577 429 1214 560 
1578 443 1172 414 
1579 535 1211 507 
1580 432 1185 453 
1581 707 1200 739 
1582 604 1228 626 
1583 501 1181 544 
1584 953 1175 803 
1585 655 1184 657 
1586 531 1216 191 
1587 312 1107 314 
1588 527 1219 516 
1589 609 1000 581 
1590 804 1175 838 
1591 483 1233 420 
1592 350 1283 1139 
1593 745 1251 206 
1594 278 1143 320 
1595 1172 1283 352 
1596 172 1257 163 
1597 587 1188 469 
1598 392 1130 394 
1599 716 1246 891 
1600 371 1097 374 
1601 533 1247 882 
1602 733 930 734 
1603 638 1156 635 
1604 138 1254 688 
1605 632 1144 629 
1606 93 1258 95 
1607 84 1264 89 
1608 101 1264 82 
1609 216 1096 1060 
1610 640 1179 540 
1611 199 1259 874 
1612 519 1100 842 
1613 406 1153 1152 
1614 47 1029 19 
1615 967 1197 798 
1616 215 1063 159 
1617 710 1063 549 
1618 455 1106 258 
1619 146 1052 144 
1620 551 1183 448 
1621 446 1183 524 
1622 368 1112 418 
1623 332 1105 317 
1624 67 69 66 
1625 38 68 67 
1626 522 1192 462 
1627 16 1031 39 
1628 47 1541 967 
1629 326 1121 321 
1630 768 1121 335 
1631 946 1213 737 
1632 224 1244 225 
1633 492 1141 319 
1634 1084 1089 1079 
1635 452 1169 410 
1636 547 1209 857 
1637 166 1103 162 
1638 129 1039 126 
1639 155 1248 165 
1640 1225 1226 599 
1641 185 1262 86 
1642 1166 1167 693 
1643 968 1569 674 
1644 1071 1072 834 
1645 679 1158 681 
1646 184 1222 208 
1647 537 1187 769 
1648 325 1151 270 
1649 588 1075 1074 
1650 687 1196 622 
1651 222 1113 677 
1652 219 1113 217 
1653 1116 1117 825 
1654 972 1270 797 
1655 825 1146 669 
1656 158 1102 161 
1657 196 1047 194 
1658 45 1573 76 
1659 270 1149 266 
1660 1149 1150 424 
1661 46 1023 7 
1662 56 1017 9 
1663 221 1096 216 
1664 55 1013 32 
1665 550 1217 188 
1666 730 956 883 
1667 989 990 949 
1668 1092 1093 329 
1669 775 1269 1170 
1670 609 1001 1000 
1671 587 1189 1188 
1672 1200 1201 739 
1673 889 1505 1228 
1674 186 1171 197 
1675 300 1203 487 
1676 23 1018 36 
1677 258 1106 256 
1678 689 1093 853 
1679 566 1192 522 
1680 462 1192 551 
1681 766 1068 241 
1682 1079 1089 1077 
1683 190 1103 166 
1684 1097 1289 374 
1685 908 1230 307 
1686 208 1222 784 
1687 181 1222 184 
1688 294 1221 306 
1689 769 1187 996 
1690 546 1187 537 
1691 939 1198 796 
1692 303 1190 301 
1693 359 1151 325 
1694 1009 1010 73 
1695 23 36 22 
1696 494 1253 381 
1697 239 1239 465 
1698 266 1149 424 
1699 188 1217 183 
1700 1109 1110 458 
1701 297 1203 300 
1702 1177 1305 1176 
1703 200 1070 763 
1704 241 1068 238 
1705 1008 1009 73 
1706 588 1256 1076 
1707 481 1148 772 
1708 686 1165 925 
1709 671 1255 344 
1710 1040 1299 1039 
1711 292 1221 294 
1712 796 1198 554 
1713 301 1190 304 
1714 248 1256 588 
1715 237 1239 239 
1716 465 1239 880 
1717 959 1420 747 
1718 176 1245 565 
1719 946 1504 1221 
1720 333 1148 481 
1721 621 1165 686 
1722 344 1255 240 
1723 1045 1248 153 
1724 588 1074 251 
1725 171 1245 176 
1726 1134 1232 323 
1727 251 1074 253 
1728 235 1249 528 
1729 466 1249 233 
1730 233 1249 235 
1731 253 1074 261 
1732 167 1245 171 
1733 1131 1136 1132 
1734 242 1265 244 
1735 240 1255 242 
1736 654 1165 621 
1737 334 1148 333 
1738 161 1102 218 
1739 322 1141 1140 
1740 792 1245 167 
1741 246 1256 248 
1742 528 1239 237 
1743 244 1265 260 
1744 156 1101 158 
1745 304 1190 908 
1746 554 1198 538 
1747 480 1221 292 
1748 355 1148 334 
1749 152 1070 200 
1750 157 1070 154 
1751 238 1068 236 
1752 739 1164 570 
1753 994 1012 998 
1754 296 1203 297 
1755 376 1253 859 
1756 381 1253 378 
1757 260 1256 246 
1758 183 1217 182 
1759 1101 1102 158 
1760 329 1093 360 
1761 1110 1111 808 
1762 162 1101 156 
1763 313 1230 492 
1764 307 1230 309 
1765 538 1198 566 
1766 593 1151 359 
1767 797 1187 546 
1768 180 1222 181 
1769 323 1232 288 
1770 290 1232 480 
1771 1131 1132 284 
1772 1022 1297 1021 
1773 236 1068 473 
1774 154 1070 152 
1775 120 1035 509 
1776 709 1142 881 
1777 713 1142 616 
1778 1039 1299 1035 
1779 187 1171 186 
1780 857 1171 210 
1781 1106 1122 256 
1782 829 1118 1116 
1783 270 1151 1149 
1784 579 1065 577 
1785 669 1146 591 
1786 411 1480 1163 
1787 378 1253 376 
1788 225 1096 221 
1789 725 1047 196 
1790 843 1113 219 
1791 622 1196 884 
1792 958 1487 988 
1793 833 1281 1156 
1794 336 1140 491 
1795 322 1140 327 
1796 309 1230 313 
1797 974 1007 65 
1798 126 1039 124 
1799 86 1262 83 
1800 606 1314 1292 
1801 719 1116 825 
1802 715 1209 547 
1803 1152 1329 623 
1804 288 1232 290 
1805 729 1158 679 
1806 821 1298 999 
1807 1031 1519 1371 
1808 153 1248 155 
1809 672 1549 955 
1810 737 1213 617 
1811 693 1169 452 
1812 922 1288 649 
1813 996 1270 662 
1814 810 1043 1038 
1815 365 1105 332 
1816 346 1112 368 
1817 12 1320 11 
1818 939 1274 1198 
1819 1050 1419 753 
1820 321 1121 476 
1821 162 1103 1101 
1822 616 1142 709 
1823 642 1197 667 
1824 798 1197 641 
1825 210 1171 187 
1826 144 1052 765 
1827 189 1259 199 
1828 540 1179 497 
1829 735 1560 879 
1830 854 1147 1114 
1831 124 1035 120 
1832 33 1013 49 
1833 609 1266 1002 
1834 591 1146 854 
1835 1058 1059 766 
1836 577 1065 1064 
1837 1233 1268 858 
1838 1088 1090 1083 
1839 88 1041 100 
1840 600 1043 810 
1841 132 991 143 
1842 231 1061 232 
1843 243 1058 766 
1844 283 1054 471 
1845 380 1094 383 
1846 577 1064 576 
1847 324 1066 330 
1848 771 1097 477 
1849 274 1104 1051 
1850 394 1130 482 
1851 191 1216 697 
1852 543 1172 443 
1853 699 1241 943 
1854 544 1181 569 
1855 453 1185 535 
1856 430 1224 417 
1857 437 1170 572 
1858 658 1184 655 
1859 778 1182 643 
1860 314 1107 791 
1861 398 1233 858 
1862 635 1156 633 
1863 163 1257 121 
1864 629 1144 614 
1865 361 1234 369 
1866 1513 1552 930 
1867 117 118 116 
1868 1255 1265 242 
1869 511 1313 367 
1870 345 1313 1092 
1871 148 1045 150 
1872 149 1251 1052 
1873 327 1140 336 
1874 726 1162 1161 
1875 792 1310 1245 
1876 247 1271 373 
1877 51 1021 22 
1878 83 1262 85 
1879 1123 1244 227 
1880 13 1030 52 
1881 226 1229 619 
1882 599 1229 223 
1883 750 1231 754 
1884 829 1116 719 
1885 892 1209 715 
1886 952 1298 821 
1887 315 1155 310 
1888 876 1053 875 
1889 498 1180 607 
1890 468 1266 609 
1891 133 1145 137 
1892 1260 1311 793 
1893 617 1213 640 
1894 218 1266 468 
1895 32 1013 33 
1896 649 1288 513 
1897 265 1273 472 
1898 48 1440 940 
1899 597 1105 365 
1900 764 1112 346 
1901 1072 1532 1336 
1902 1245 1310 565 
1903 1102 1266 218 
1904 282 1131 284 
1905 168 1263 173 
1906 213 1263 169 
1907 641 1197 642 
1908 7 1032 54 
1909 38 66 31 
1910 24 1020 43 
1911 525 1259 189 
1912 497 1179 498 
1913 721 942 280 
1914 1297 1514 1407 
1915 812 1345 1287 
1916 1032 1033 117 
1917 1168 1316 1238 
1918 637 1240 639 
1919 852 1272 722 
1920 900 1282 770 
1921 415 1173 445 
1922 75 1041 88 
1923 330 1066 764 
1924 482 1130 845 
1925 776 1172 543 
1926 569 1181 708 
1927 734 1224 430 
1928 914 1184 658 
1929 633 1156 751 
1930 614 1144 646 
1931 1253 1292 859 
1932 369 1234 1214 
1933 353 1238 339 
1934 103 1546 1424 
1935 983 1279 1015 
1936 1128 1365 879 
1937 1014 1030 14 
1938 1078 1277 1082 
1939 136 1040 131 
1940 367 1313 345 
1941 406 1154 1153 
1942 696 1045 148 
1943 331 1250 348 
1944 791 1250 316 
1945 57 1530 1477 
1946 81 1267 79 
1947 529 1286 645 
1948 831 1341 775 
1949 810 1335 868 
1950 275 1098 489 
1951 377 1093 689 
1952 1169 1238 364 
1953 775 1341 1269 
1954 612 1065 579 
1955 41 1027 1026 
1956 250 1271 247 
1957 995 1012 994 
1958 1171 1286 197 
1959 1431 1444 919 
1960 470 1206 514 
1961 1292 1314 859 
1962 24 1018 23 
1963 223 1229 226 
1964 1238 1316 339 
1965 850 1231 750 
1966 1075 1273 1074 
1967 1074 1273 261 
1968 786 1285 865 
1969 740 1071 834 
1970 52 1320 12 
1971 127 1042 128 
1972 38 67 66 
1973 264 1099 268 
1974 423 1290 421 
1975 558 1344 602 
1976 564 1166 508 
1977 454 1166 693 
1978 990 1434 991 
1979 124 1039 1035 
1980 360 1093 377 
1981 767 1155 315 
1982 442 1204 500 
1983 936 1053 876 
1984 1148 1284 772 
1985 220 1225 599 
1986 499 1293 822 
1987 728 1301 937 
1988 857 1286 1171 
1989 495 1302 512 
1990 157 1280 1070 
1991 652 1321 651 
1992 712 1321 947 
1993 1487 1563 988 
1994 137 1145 542 
1995 1048 1050 1049 
1996 1256 1277 1076 
1997 50 1276 28 
1998 261 1273 265 
1999 615 1252 650 
2000 1073 1357 834 
2001 1070 1280 763 
2002 1122 1271 250 
2003 766 1296 1068 
2004 934 1005 964 
2005 260 1277 1256 
2006 11 1028 12 
2007 667 1306 644 
2008 714 1306 867 
2009 606 1292 496 
2010 119 1033 757 
2011 1198 1274 566 
2012 884 1314 620 
2013 745 1315 1251 
2014 416 1131 282 
2015 1059 1296 766 
2016 760 1295 885 
2017 22 1021 23 
2018 636 1208 717 
2019 169 1263 168 
2020 14 1030 13 
2021 1021 1297 1020 
2022 180 1285 1222 
2023 1125 1244 1123 
2024 721 955 942 
2025 768 1282 1121 
2026 338 1330 340 
2027 1146 1147 854 
2028 407 1235 404 
2029 772 1284 774 
2030 337 1316 355 
2031 494 1292 1253 
2032 717 1240 637 
2033 27 1015 50 
2034 192 1046 723 
2035 403 1129 406 
2036 490 1129 402 
2037 770 1282 768 
2038 342 1336 271 
2039 601 1312 1268 
2040 1222 1285 784 
2041 228 1212 230 
2042 400 1109 458 
2043 434 1126 386 
2044 355 1284 1148 
2045 1272 1472 932 
2046 139 1227 201 
2047 1063 1280 159 
2048 580 1176 613 
2049 358 1173 415 
2050 690 1544 956 
2051 934 1592 1006 
2052 756 1294 1200 
2053 382 1275 395 
2054 1187 1270 996 
2055 1051 1291 341 
2056 552 1193 515 
2057 364 1238 353 
2058 280 942 761 
2059 159 1280 157 
2060 483 1268 1233 
2061 1267 1479 98 
2062 598 1174 351 
2063 680 1138 575 
2064 23 1021 1020 
2065 341 1291 343 
2066 688 1040 136 
2067 839 1381 992 
2068 1076 1277 1078 
2069 23 1020 24 
2070 1048 1049 214 
2071 1179 1180 498 
2072 303 1323 1190 
2073 316 1250 331 
2074 853 1093 1092 
2075 340 1307 354 
2076 85 1267 81 
2077 197 1286 529 
2078 1206 1564 1435 
2079 782 1279 818 
2080 893 1331 710 
2081 273 1098 275 
2082 542 1324 1227 
2083 388 1114 387 
2084 1095 1347 413 
2085 797 1270 1187 
2086 349 1327 366 
2087 1213 1382 640 
2088 451 1137 694 
2089 1006 1467 746 
2090 877 1576 973 
2091 1170 1269 572 
2092 70 1353 72 
2093 608 1236 438 
2094 534 1206 470 
2095 54 1032 117 
2096 1477 1565 1201 
2097 890 1482 1371 
2098 631 1157 634 
2099 781 1199 779 
2100 691 1069 856 
2101 485 1069 557 
2102 784 1285 786 
2103 800 1071 740 
2104 373 1300 1058 
2105 1121 1282 476 
2106 565 1342 178 
2107 142 1042 127 
2108 979 1370 1004 
2109 268 1099 273 
2110 421 1290 431 
2111 58 1019 1018 
2112 602 1344 1228 
2113 508 1166 454 
2114 947 1503 963 
2115 406 1152 405 
2116 408 1152 623 
2117 702 1361 704 
2118 440 1115 393 
2119 1058 1300 1059 
2120 886 1345 812 
2121 1089 1333 1077 
2122 524 1348 1205 
2123 500 1204 788 
2124 694 1127 1126 
2125 205 1225 220 
2126 1228 1548 889 
2127 984 1440 14 
2128 1156 1281 751 
2129 493 1220 790 
2130 357 1220 372 
2131 121 1260 94 
2132 92 1260 793 
2133 880 1301 728 
2134 64 993 870 
2135 814 1312 603 
2136 765 1322 1145 
2137 1102 1308 1266 
2138 964 1350 1289 
2139 1354 1562 1136 
2140 395 1302 495 
2141 651 1321 712 
2142 273 1099 1098 
2143 27 1573 45 
2144 1149 1303 1150 
2145 58 1018 24 
2146 601 1268 486 
2147 1248 1309 792 
2148 527 1416 1414 
2149 1068 1296 473 
2150 90 1261 87 
2151 1309 1310 792 
2152 1027 1038 757 
2153 790 1252 615 
2154 1088 1418 467 
2155 1151 1303 1149 
2156 1202 1302 1127 
2157 568 1160 567 
2158 673 1269 700 
2159 1063 1331 1280 
2160 91 1389 97 
2161 1266 1308 1002 
2162 644 1306 714 
2163 496 1292 494 
2164 1142 1534 1325 
2165 193 1044 112 
2166 1159 1592 479 
2167 389 1392 1223 
2168 645 1338 799 
2169 1251 1315 1052 
2170 624 1067 860 
2171 620 1314 606 
2172 1082 1339 1085 
2173 1204 1205 788 
2174 813 1205 888 
2175 628 1215 630 
2176 697 1311 1257 
2177 30 1025 44 
2178 587 1451 1189 
2179 593 1303 1151 
2180 940 1417 1274 
2181 1378 1595 1304 
2182 720 1120 923 
2183 820 1208 636 
2184 1320 1394 11 
2185 1104 1343 1051 
2186 592 1317 1099 
2187 852 1472 1272 
2188 1235 1237 404 
2189 473 1296 1062 
2190 28 1276 29 
2191 117 1033 119 
2192 705 1523 965 
2193 832 1446 1421 
2194 211 1365 1128 
2195 504 1365 209 
2196 863 1369 973 
2197 75 1278 1041 
2198 776 1283 1172 
2199 1101 1308 1102 
2200 123 1037 125 
2201 358 1174 1173 
2202 99 1489 96 
2203 491 1330 338 
2204 1051 1343 1291 
2205 426 1235 407 
2206 40 1028 11 
2207 1119 1400 298 
2208 1103 1308 1101 
2209 777 1350 1144 
2210 1047 1304 1048 
2211 424 1367 262 
2212 339 1316 337 
2213 977 1474 736 
2214 958 988 987 
2215 205 1227 1225 
2216 751 1281 916 
2217 871 1323 303 
2218 916 1384 777 
2219 723 1046 952 
2220 757 1038 1037 
2221 402 1129 403 
2222 1286 1338 645 
2223 375 1356 593 
2224 271 1336 267 
2225 836 1351 835 
2226 619 1212 228 
2227 396 1109 400 
2228 694 1126 434 
2229 1181 1287 708 
2230 1199 1337 535 
2231 201 1227 205 
2232 578 1176 580 
2233 888 1348 913 
2234 1225 1324 1226 
2235 1322 1324 542 
2236 302 1596 1119 
2237 841 1370 666 
2238 743 1370 979 
2239 756 1395 1294 
2240 902 1396 724 
2241 1254 1340 688 
2242 833 1357 1281 
2243 1273 1333 472 
2244 10 1394 41 
2245 384 1275 382 
2246 730 1347 956 
2247 993 1413 870 
2248 1176 1305 807 
2249 76 1573 71 
2250 1264 1389 89 
2251 207 1386 802 
2252 677 1381 839 
2253 777 1384 1350 
2254 1135 1382 1134 
2255 1285 1342 865 
2256 783 1193 552 
2257 1045 1309 1248 
2258 486 1268 483 
2259 1077 1333 1075 
2260 1142 1512 881 
2261 771 1289 1097 
2262 1277 1339 1082 
2263 26 1015 27 
2264 856 1290 1195 
2265 1227 1324 1225 
2266 225 1359 1096 
2267 572 1269 673 
2268 1184 1535 957 
2269 903 1486 999 
2270 1117 1403 825 
2271 660 1178 915 
2272 710 1331 1063 
2273 627 1108 625 
2274 306 1504 1390 
2275 351 1174 358 
2276 575 1138 517 
2277 52 1484 1463 
2278 279 1387 416 
2279 489 1387 277 
2280 1239 1325 880 
2281 1075 1333 1273 
2282 36 1385 995 
2283 520 1186 789 
2284 456 1186 457 
2285 1205 1348 888 
2286 924 1328 1236 
2287 705 1411 703 
2288 755 1411 1243 
2289 1235 1328 1237 
2290 103 1424 160 
2291 897 1423 1138 
2292 528 1325 1239 
2293 54 117 116 
2294 514 1435 536 
2295 1349 1379 791 
2296 232 1397 1124 
2297 32 38 31 
2298 1118 1596 475 
2299 48 1409 16 
2300 354 1307 396 
2301 396 1307 1109 
2302 506 1419 587 
2303 753 1419 526 
2304 837 1410 894 
2305 982 1337 819 
2306 932 1279 782 
2307 426 1236 1235 
2308 726 1161 1160 
2309 1280 1331 763 
2310 962 1400 828 
2311 391 1114 388 
2312 829 1400 1119 
2313 1144 1350 646 
2314 366 1327 389 
2315 1243 1411 969 
2316 517 1137 451 
2317 1114 1147 387 
2318 1417 1581 1274 
2319 788 1205 813 
2320 73 1353 70 
2321 1034 1453 918 
2322 535 1337 1211 
2323 725 1304 1047 
2324 438 1236 426 
2325 585 1399 735 
2326 1145 1322 542 
2327 857 1338 1286 
2328 204 1177 503 
2329 180 1342 1285 
2330 582 1194 502 
2331 630 1157 631 
2332 785 1415 504 
2333 819 1199 781 
2334 1107 1349 791 
2335 517 1138 1137 
2336 1232 1332 480 
2337 861 1283 776 
2338 759 1395 756 
2339 1134 1332 1232 
2340 793 1293 1261 
2341 958 987 742 
2342 1167 1334 1168 
2343 260 1339 1277 
2344 557 1069 691 
2345 963 1425 830 
2346 694 1373 1127 
2347 598 1459 1174 
2348 306 1421 296 
2349 479 1592 934 
2350 914 1535 1184 
2351 683 1429 1207 
2352 1356 1432 593 
2353 178 1342 180 
2354 467 1418 439 
2355 461 1418 534 
2356 476 1349 1107 
2357 793 1311 1293 
2358 405 1152 408 
2359 704 1361 748 
2360 1052 1315 765 
2361 1209 1338 857 
2362 1062 1397 1061 
2363 1067 1414 860 
2364 900 1349 1282 
2365 1316 1334 355 
2366 861 1327 1139 
2367 738 1443 1216 
2368 393 1115 391 
2369 565 1388 1342 
2370 749 1427 663 
2371 5 1024 6 
2372 1294 1477 1200 
2373 688 1340 1299 
2374 15 1440 48 
2375 696 1309 1045 
2376 861 1392 1327 
2377 78 1457 45 
2378 391 1115 1114 
2379 411 1589 1130 
2380 1183 1348 524 
2381 1035 1412 509 
2382 1430 1589 1163 
2383 924 1364 1328 
2384 1350 1384 1289 
2385 509 993 118 
2386 29 1276 1025 
2387 1265 1339 260 
2388 1154 1485 1153 
2389 937 1435 827 
2390 372 1220 493 
2391 688 1299 1040 
2392 94 1260 92 
2393 1319 1429 1210 
2394 145 1434 505 
2395 904 1492 1490 
2396 195 1318 903 
2397 1355 1360 511 
2398 603 1312 601 
2399 596 1159 521 
2400 1099 1317 1098 
2401 834 1357 833 
2402 964 1289 771 
2403 1208 1397 1062 
2404 998 1541 47 
2405 1168 1334 1316 
2406 511 1360 1313 
2407 1044 1319 195 
2408 794 1326 1262 
2409 1236 1328 1235 
2410 96 1489 1009 
2411 844 1380 929 
2412 1092 1313 853 
2413 952 1574 1298 
2414 848 1436 692 
2415 845 1375 844 
2416 1282 1349 476 
2417 971 1445 847 
2418 3 1016 61 
2419 1136 1452 1133 
2420 1439 1469 560 
2421 961 1409 938 
2422 1250 1379 598 
2423 817 1363 849 
2424 708 1287 759 
2425 1455 1577 1352 
2426 147 1444 696 
2427 1160 1377 826 
2428 25 1457 58 
2429 45 1457 26 
2430 320 1398 1104 
2431 895 1458 744 
2432 990 1442 949 
2433 1315 1322 765 
2434 1089 1374 1333 
2435 745 1366 1315 
2436 793 1261 90 
2437 536 1516 992 
2438 826 1392 861 
2439 926 1464 1011 
2440 1234 1364 1214 
2441 1269 1341 700 
2442 971 1540 972 
2443 1375 1380 844 
2444 906 1447 800 
2445 954 1497 962 
2446 841 1441 1370 
2447 858 1355 511 
2448 868 1463 809 
2449 1189 1433 1188 
2450 1291 1343 790 
2451 1038 1335 810 
2452 1111 1372 808 
2453 1203 1446 487 
2454 342 1542 1336 
2455 1137 1373 694 
2456 599 1527 1229 
2457 726 1160 568 
2458 748 1362 960 
2459 54 116 63 
2460 563 1464 564 
2461 886 1383 1345 
2462 1103 1368 1308 
2463 843 1381 1113 
2464 1001 1585 842 
2465 1312 1355 858 
2466 1193 1456 727 
2467 900 1379 1349 
2468 671 1393 1255 
2469 89 1389 91 
2470 856 1363 817 
2471 931 1456 783 
2472 986 1417 985 
2473 1066 1374 764 
2474 727 1471 668 
2475 718 1471 954 
2476 799 1404 978 
2477 1345 1346 759 
2478 464 1363 1195 
2479 811 1485 678 
2480 762 1044 193 
2481 1028 1566 35 
2482 488 1364 1234 
2483 731 1505 966 
2484 116 993 64 
2485 802 1352 895 
2486 736 1474 583 
2487 623 1067 624 
2488 38 1405 68 
2489 967 1583 47 
2490 1424 1546 106 
2491 1127 1373 1202 
2492 807 1215 628 
2493 1174 1448 1173 
2494 374 1500 363 
2495 814 1355 1312 
2496 257 1483 259 
2497 1119 1596 1118 
2498 1463 1484 911 
2499 808 1372 850 
2500 968 1376 753 
2501 672 1509 571 
2502 573 1509 907 
2503 561 1493 780 
2504 752 1488 968 
2505 1339 1393 1085 
2506 933 1120 720 
2507 987 1467 742 
2508 1308 1368 1002 
2509 1011 1464 653 
2510 293 1497 291 
2511 20 1503 21 
2512 991 1434 143 
2513 19 1508 20 
2514 700 1341 702 
2515 1131 1354 1136 
2516 778 1408 1182 
2517 1223 1392 1377 
2518 618 1502 944 
2519 387 1147 597 
2520 1304 1451 1048 
2521 416 1354 1131 
2522 1348 1406 913 
2523 868 1394 1320 
2524 209 1365 211 
2525 859 1356 375 
2526 884 1356 1314 
2527 1216 1391 697 
2528 225 1401 1359 
2529 595 1495 656 
2530 254 1507 257 
2531 1322 1366 1324 
2532 1214 1439 560 
2533 29 1025 30 
2534 1019 1385 1018 
2535 550 1408 1053 
2536 757 1037 123 
2537 1003 1369 863 
2538 1299 1412 1035 
2539 867 1479 866 
2540 80 1521 101 
2541 1146 1403 1147 
2542 913 1406 921 
2543 412 1533 435 
2544 472 1374 1066 
2545 578 1177 1176 
2546 853 1360 816 
2547 910 1461 836 
2548 295 1520 293 
2549 1386 1455 802 
2550 1287 1345 759 
2551 1228 1505 626 
2552 851 1426 961 
2553 1200 1477 1201 
2554 43 1543 25 
2555 762 1429 1319 
2556 1202 1373 815 
2557 263 1532 455 
2558 262 1367 255 
2559 860 1362 831 
2560 1496 1559 1157 
2561 492 1499 1141 
2562 418 1524 419 
2563 652 1514 1321 
2564 61 1487 2 
2565 806 1538 805 
2566 1358 1578 951 
2567 523 1540 539 
2568 584 1540 971 
2569 823 1580 682 
2570 190 1368 1103 
2571 370 1542 356 
2572 1338 1404 799 
2573 1019 1567 98 
2574 76 1521 77 
2575 760 1473 1295 
2576 976 1590 922 
2577 1117 1460 1403 
2578 741 1548 878 
2579 355 1334 1284 
2580 1166 1358 1167 
2581 842 1473 1000 
2582 195 1319 1318 
2583 835 1351 976 
2584 1104 1398 1343 
2585 1346 1395 759 
2586 1031 1371 39 
2587 819 1337 1199 
2588 1333 1374 472 
2589 1049 1376 885 
2590 901 1340 855 
2591 973 1517 862 
2592 1141 1437 1140 
2593 891 1482 890 
2594 475 1596 305 
2595 1262 1326 85 
2596 1305 1359 807 
2597 666 1370 743 
2598 160 1424 1046 
2599 33 1405 32 
2600 721 1550 955 
2601 724 1396 725 
2602 725 1396 1378 
2603 883 1462 814 
2604 1323 1570 1190 
2605 855 1254 1194 
2606 882 1510 1154 
2607 1139 1283 861 
2608 791 1379 1250 
2609 884 1432 1356 
2610 1249 1512 528 
2611 1342 1388 865 
2612 455 1447 1106 
2613 1018 1385 36 
2614 1113 1381 677 
2615 1310 1431 1388 
2616 1158 1510 1247 
2617 982 1407 1337 
2618 887 1428 886 
2619 893 1386 1331 
2620 1310 1388 565 
2621 1340 1412 1299 
2622 763 1386 207 
2623 674 1569 559 
2624 1065 1563 1064 
2625 1183 1406 1348 
2626 1105 1460 767 
2627 1313 1360 853 
2628 320 1468 1398 
2629 43 1475 981 
2630 1230 1454 492 
2631 142 1474 1042 
2632 1301 1516 937 
2633 1345 1383 1346 
2634 918 1420 1034 
2635 1125 1401 1244 
2636 842 1585 665 
2637 1336 1542 1073 
2638 11 1394 10 
2639 435 1533 1034 
2640 1137 1423 1373 
2641 1265 1393 1339 
2642 564 1358 1166 
2643 1490 1492 872 
2644 767 1450 1155 
2645 1046 1424 952 
2646 1363 1433 849 
2647 58 1567 1019 
2648 32 1405 38 
2649 46 1346 1023 
2650 661 1178 660 
2651 1315 1366 1322 
2652 480 1572 1221 
2653 1318 1486 903 
2654 790 1343 1252 
2655 1259 1576 877 
2656 1502 1580 944 
2657 921 1470 986 
2658 918 1108 627 
2659 1337 1407 1211 
2660 463 1476 523 
2661 1314 1356 859 
2662 739 1554 1164 
2663 865 1388 919 
2664 970 1529 695 
2665 277 1387 279 
2666 630 1496 1157 
2667 1327 1392 389 
2668 1010 1353 73 
2669 855 1340 1254 
2670 832 1390 823 
2671 457 1186 520 
2672 1347 1453 413 
2673 878 1548 1344 
2674 1004 1441 190 
2675 1372 1437 850 
2676 697 1391 1311 
2677 703 1411 755 
2678 725 1378 1304 
2679 1373 1423 815 
2680 1100 1473 842 
2681 471 1522 1143 
2682 1061 1397 232 
2683 1330 1372 1111 
2684 1147 1403 597 
2685 894 1582 1577 
2686 761 1528 1013 
2687 1195 1363 856 
2688 1320 1463 868 
2689 891 1568 1482 
2690 527 1414 1219 
2691 1321 1514 1022 
2692 464 1433 1363 
2693 1311 1391 1293 
2694 745 1458 1366 
2695 1370 1441 1004 
2696 1209 1404 1338 
2697 713 1534 1142 
2698 526 1419 506 
2699 1334 1422 1284 
2700 1244 1401 225 
2701 1023 1383 56 
2702 1252 1398 909 
2703 754 1570 1323 
2704 881 1410 837 
2705 85 1511 1267 
2706 1255 1393 1265 
2707 49 1575 1242 
2708 839 1516 1301 
2709 825 1403 1146 
2710 41 1335 1027 
2711 1211 1407 652 
2712 1098 1501 489 
2713 551 1406 1183 
2714 1182 1408 550 
2715 72 1521 76 
2716 623 1329 1067 
2717 828 1400 829 
2718 491 1372 1330 
2719 911 1586 1246 
2720 1390 1421 306 
2721 838 1501 1317 
2722 1054 1402 471 
2723 1324 1366 1226 
2724 846 1402 931 
2725 16 1409 17 
2726 762 1319 1044 
2727 1167 1422 1334 
2728 880 1534 1301 
2729 1053 1408 875 
2730 1336 1532 267 
2731 886 1428 1383 
2732 988 1563 1065 
2733 491 1437 1372 
2734 1495 1513 929 
2735 1108 1453 1347 
2736 1377 1392 826 
2737 118 993 116 
2738 1406 1470 921 
2739 1175 1501 838 
2740 1191 1465 671 
2741 1210 1429 683 
2742 676 1399 585 
2743 1331 1386 763 
2744 26 1543 1015 
2745 1293 1391 822 
2746 503 1177 578 
2747 671 1465 1393 
2748 566 1581 1192 
2749 855 1194 582 
2750 948 1415 785 
2751 1179 1525 1180 
2752 892 1404 1209 
2753 50 1472 1276 
2754 190 1441 1368 
2755 986 1581 1417 
2756 1134 1382 1332 
2757 830 1425 927 
2758 929 1513 930 
2759 1388 1431 919 
2760 1027 1335 1038 
2761 764 1449 1112 
2762 296 1421 1203 
2763 967 1588 1197 
2764 1359 1401 1215 
2765 836 1461 1351 
2766 1067 1515 1414 
2767 1002 1491 1001 
2768 923 1469 1439 
2769 439 1418 461 
2770 887 1478 1428 
2771 893 1455 1386 
2772 778 1539 1408 
2773 656 1495 1380 
2774 878 1429 762 
2775 1374 1449 764 
2776 75 1494 1278 
2777 1441 1491 1368 
2778 1258 1489 99 
2779 919 1555 864 
2780 1015 1543 983 
2781 981 1475 982 
2782 1297 1475 1020 
2783 52 1463 1320 
2784 1371 1482 39 
2785 862 1443 738 
2786 663 1427 685 
2787 1398 1468 909 
2788 1364 1439 1214 
2789 917 1420 918 
2790 729 1510 1158 
2791 1188 1433 464 
2792 820 1559 1124 
2793 949 1442 977 
2794 213 1593 1263 
2795 1284 1422 774 
2796 904 1490 732 
2797 1343 1398 1252 
2798 107 1574 104 
2799 1367 1507 255 
2800 912 1478 887 
2801 593 1432 1303 
2802 57 1024 5 
2803 774 1445 773 
2804 1380 1495 929 
2805 1155 1450 475 
2806 14 1440 15 
2807 1138 1423 1137 
2808 143 1434 145 
2809 1157 1559 820 
2810 475 1545 1118 
2811 1413 1557 870 
2812 1366 1458 1226 
2813 866 1511 840 
2814 675 1159 596 
2815 843 1488 1381 
2816 901 1557 1413 
2817 1196 1432 884 
2818 914 1536 1535 
2819 1355 1462 1360 
2820 46 1395 1346 
2821 1116 1545 1117 
2822 551 1470 1406 
2823 1351 1461 647 
2824 509 1413 993 
2825 1449 1506 1112 
2826 1084 1449 1089 
2827 692 1436 795 
2828 894 1455 893 
2829 1173 1448 510 
2830 1206 1435 514 
2831 883 1544 1462 
2832 56 1428 1017 
2833 732 1490 832 
2834 1358 1422 1167 
2835 847 1445 951 
2836 1309 1431 1310 
2837 1140 1437 491 
2838 487 1446 872 
2839 956 1544 883 
2840 965 1523 917 
2841 373 1526 1300 
2842 68 1494 75 
2843 1161 1377 1160 
2844 4 1530 57 
2845 57 1477 1294 
2846 505 1444 147 
2847 1009 1489 97 
2848 899 1459 900 
2849 1089 1449 1374 
2850 1133 1452 1135 
2851 1048 1451 1050 
2852 1344 1548 1228 
2853 744 1458 745 
2854 923 1439 924 
2855 873 1539 980 
2856 1295 1593 213 
2857 647 1461 846 
2858 214 1518 213 
2859 898 1556 899 
2860 974 1557 711 
2861 4 1016 3 
2862 662 1476 463 
2863 1414 1515 1219 
2864 897 1502 1423 
2865 1488 1569 968 
2866 885 1518 1049 
2867 840 1511 1326 
2868 1288 1552 789 
2869 936 1584 1218 
2870 935 1584 936 
2871 908 1454 1230 
2872 1223 1480 411 
2873 510 1556 997 
2874 1300 1526 905 
2875 1164 1554 1178 
2876 26 1457 25 
2877 560 1469 561 
2878 1296 1481 1062 
2879 809 1463 911 
2880 1065 1561 988 
2881 1135 1525 1382 
2882 845 1589 1430 
2883 1393 1465 1085 
2884 59 1587 978 
2885 1000 1473 760 
2886 1085 1465 1086 
2887 696 1431 1309 
2888 653 1464 563 
2889 98 1479 1019 
2890 1289 1384 374 
2891 802 1455 1352 
2892 822 1517 525 
2893 1403 1460 597 
2894 973 1576 1517 
2895 1034 1533 1453 
2896 1192 1470 551 
2897 1387 1571 416 
2898 668 1471 718 
2899 992 1516 839 
2900 1383 1428 56 
2901 909 1468 910 
2902 1084 1506 1449 
2903 678 1485 729 
2904 1428 1478 1017 
2905 1298 1574 107 
2906 1270 1476 662 
2907 901 1412 1340 
2908 807 1359 1215 
2909 626 1505 731 
2910 831 1362 1361 
2911 213 1518 1295 
2912 962 1520 1400 
2913 1143 1468 320 
2914 1408 1539 875 
2915 564 1578 1358 
2916 1381 1488 992 
2917 811 1515 1329 
2918 1020 1475 43 
2919 924 1439 1364 
2920 583 1474 142 
2921 800 1447 1071 
2922 1006 1592 675 
2923 1438 1494 60 
2924 39 1482 1014 
2925 1457 1567 58 
2926 597 1460 1105 
2927 972 1476 1270 
2928 1017 1478 40 
2929 363 1500 370 
2930 1464 1578 564 
2931 805 1498 1196 
2932 1473 1593 1295 
2933 259 1483 592 
2934 1141 1499 1437 
2935 895 1527 1458 
2936 571 1509 573 
2937 37 1016 4 
2938 780 1493 824 
2939 992 1488 752 
2940 1009 1591 1010 
2941 989 1555 505 
2942 1432 1498 1303 
2943 963 1508 1425 
2944 1125 1559 1496 
2945 845 1430 1375 
2946 1482 1568 1014 
2947 1405 1494 68 
2948 1030 1484 52 
2949 42 1426 1425 
2950 1059 1481 1296 
2951 1112 1506 418 
2952 920 1531 912 
2953 97 1591 1009 
2954 1379 1459 598 
2955 1271 1526 373 
2956 1362 1416 960 
2957 291 1497 474 
2958 927 1529 970 
2959 860 1416 1362 
2960 1219 1515 811 
2961 1215 1496 630 
2962 832 1421 1390 
2963 1120 1469 923 
2964 1064 1563 975 
2965 980 1539 778 
2966 1049 1518 214 
2967 815 1502 618 
2968 1087 1506 1084 
2969 1346 1383 1023 
2970 1418 1547 534 
2971 783 1456 1193 
2972 945 1504 946 
2973 908 1570 1454 
2974 1377 1480 1223 
2975 57 1294 1024 
2976 997 1556 898 
2977 1361 1362 748 
2978 878 1344 1207 
2979 1276 1472 852 
2980 21 1503 51 
2981 1022 1514 1297 
2982 675 1592 1159 
2983 1425 1426 927 
2984 594 1495 595 
2985 255 1507 254 
2986 42 1508 19 
2987 1410 1582 894 
2988 1241 1575 943 
2989 900 1459 1379 
2990 1212 1582 466 
2991 77 1521 80 
2992 1221 1504 306 
2993 1196 1498 1432 
2994 1247 1510 882 
2995 1086 1547 1088 
2996 901 1413 1412 
2997 413 1533 412 
2998 1404 1519 978 
2999 841 1491 1441 
3000 1444 1555 919 
3001 95 1546 103 
3002 667 1588 1012 
3003 906 1526 1271 
3004 298 1520 295 
3005 912 1531 1478 
3006 1436 1486 795 
3007 897 1580 1502 
3008 416 1571 1354 
3009 850 1499 1231 
3010 1118 1545 1116 
3011 747 1523 705 
3012 594 1513 1495 
3013 864 1555 989 
3014 1423 1502 815 
3015 267 1532 263 
3016 789 1513 594 
3017 795 1486 1318 
3018 695 1529 851 
3019 851 1529 1426 
3020 1426 1529 927 
3021 640 1525 1179 
3022 1414 1416 860 
3023 905 1526 906 
3024 814 1462 1355 
3025 419 1524 422 
3026 1412 1413 509 
3027 1354 1571 925 
3028 1360 1462 816 
3029 1128 1560 869 
3030 941 1538 806 
3031 1207 1429 878 
3032 875 1539 873 
3033 1226 1527 599 
3034 1201 1554 739 
3035 1125 1496 1401 
3036 1303 1498 1150 
3037 1462 1544 816 
3038 539 1540 584 
3039 1136 1562 1452 
3040 1382 1525 640 
3041 922 1552 1288 
3042 97 1489 1258 
3043 65 1553 37 
3044 698 1549 672 
3045 1295 1518 885 
3046 3 1530 4 
3047 816 1544 690 
3048 1242 1575 1241 
3049 356 1542 342 
3050 25 1543 26 
3051 1541 1588 967 
3052 1583 1587 1029 
3053 1012 1541 998 
3054 106 1546 102 
3055 1389 1591 97 
3056 1163 1480 1161 
3057 60 1494 1405 
3058 47 1583 1029 
3059 102 1579 99 
3060 1178 1554 915 
3061 953 1571 1387 
3062 1263 1593 1100 
3063 943 1551 698 
3064 1124 1559 1125 
3065 95 1579 1546 
3066 28 1573 27 
3067 832 1490 1446 
3068 1117 1545 1450 
3069 872 1594 871 
3070 1399 1560 735 
3071 918 1453 1108 
3072 104 1574 106 
3073 722 1550 721 
3074 1029 1587 59 
3075 827 1564 1191 
3076 711 1557 901 
3077 559 1569 843 
3078 942 1551 761 
3079 925 1571 953 
3080 35 1566 985 
3081 1568 1586 1484 
3082 98 1567 78 
3083 889 1548 741 
3084 1218 1584 212 
3085 951 1578 926 
3086 1164 1558 1162 
3087 665 1585 841 
3088 896 1583 967 
3089 682 1580 897 
3090 896 1587 1583 
3091 978 1587 896 
3092 62 1530 3 
3093 305 1596 302 
3094 654 1562 1165 
3095 528 1512 1325 
3096 1317 1501 1098 
3097 1258 1579 95 
3098 1478 1531 40 
3099 1400 1520 298 
3100 899 1556 1448 
3101 1014 1568 1030 
3102 955 1549 942 
3103 1190 1570 908 
3104 1197 1588 667 
3105 1368 1491 1002 
3106 943 1575 1528 
3107 1246 1586 891 
3108 40 1531 1028 
3109 1437 1499 850 
3110 1013 1528 49 
3111 34 1536 62 
3112 930 1590 734 
3113 1546 1579 102 
3114 612 1561 1065 
3115 1189 1595 1433 
3116 988 1561 987 
3117 525 1576 1259 
3118 1325 1534 880 
3119 1420 1523 747 
3120 892 1519 1404 
3121 1401 1496 1215 
3122 1130 1589 845 
3123 1030 1568 1484 
3124 1443 1517 822 
3125 1161 1480 1377 
3126 1577 1582 1212 
3127 1326 1511 85 
3128 1491 1585 1001 
3129 1425 1508 42 
3130 917 1523 1420 
3131 1274 1581 566 
3132 843 1569 1488 
3133 1371 1519 892 
3134 1088 1547 1418 
3135 1446 1490 872 
3136 619 1577 1212 
3137 1407 1514 652 
3138 1332 1572 480 
3139 1402 1522 471 
3140 1329 1515 1067 
3141 1100 1593 1473 
3142 466 1582 1410 
3143 926 1578 1464 
3144 1201 1565 915 
3145 869 1560 1399 
3146 1466 1547 1086 
3147 78 1567 1457 
3148 1352 1577 619 
3149 862 1517 1443 
3150 1453 1533 413 
3151 915 1554 1201 
3152 1427 1594 685 
3153 1458 1527 1226 
3154 1191 1564 1466 
3155 1517 1576 525 
3156 1484 1586 911 
3157 661 1558 1178 
3158 849 1595 1378 
3159 1178 1558 1164 
3160 534 1547 1466 
3161 871 1594 1427 
3162 1450 1545 475 
3163 841 1585 1491 
3164 891 1586 1568 
3165 685 1594 1492 
3166 37 1553 1016 
3167 1452 1562 654 
3168 505 1555 1444 
3169 1433 1595 849 
3170 1448 1556 510 
3171 99 1579 1258 
3172 1010 1591 1389 
3173 1492 1594 872 
3174 922 1590 1552 
3175 1528 1575 49 
3176 1007 1553 65 
3177 1012 1588 1541 
3178 1535 1536 34 
3179 1552 1590 930 
3180 1536 1565 62 
3181 1 1405 33 
3182 60 1405 1 
3183 34 62 2 
3184 1242 1537 49 
3185 113 1537 115 
3186 1438 1537 113 
3187 115 484 114 
3188 249 484 115 
$EndElements
